"ID","time","PRED","DOSE"
1,0,10,1e+06
1,1,9.09365578802284,1e+06
1,2,8.35160438485563,1e+06
1,3,7.7440646081625,1e+06
1,4,7.24665374103692,1e+06
1,5,6.83940898882759,1e+06
1,6,6.50598617811837,1e+06
1,7,6.23300387786593,1e+06
1,8,6.00950635262298,1e+06
1,9,5.82652386389568,1e+06
1,10,5.6767126815408,1e+06
1,11,5.55406035702296,1e+06
1,12,5.4536444270181,1e+06
1,13,5.37143483772406,1e+06
1,14,5.30413223118672,1e+06
1,15,5.24903551870389,1e+06
1,16,5.20393347593155,1e+06
1,17,5.16701599871374,1e+06
1,18,5.13680145929452,1e+06
1,19,5.11207724139607,1e+06
1,20,5.0918510751108,1e+06
1,21,5.07531121240486,1e+06
1,22,5.0617938494352,1e+06
1,23,5.05075648515518,1e+06
1,24,5.04175614874168,1e+06
1,25,5.03443162116774,1e+06
1,26,5.02848893748738,1e+06
1,27,5.02368958818888,1e+06
1,28,5.01984094536145,1e+06
1,29,5.01678852991779,1e+06
1,30,5.01440980847736,1e+06
1,31,5.0126092710738,1e+06
1,32,5.01131459087421,1e+06
1,33,5.0104737110151,1e+06
1,34,5.01005273971937,1e+06
1,35,5.01003456682901,1e+06
1,36,5.01041814247362,1e+06
1,37,5.01121838334232,1e+06
1,38,5.0124666946888,1e+06
1,39,5.01421211671488,1e+06
1,40,5.01652312351138,1e+06
1,41,5.01949012004592,1e+06
1,42,5.02322869844828,1e+06
1,43,5.02788372677012,1e+06
1,44,5.03363435039309,1e+06
1,45,5.04069998445233,1e+06
1,46,5.04934736057031,1e+06
1,47,5.05989865562986,1e+06
1,48,5.07274066506837,1e+06
1,49,5.0883348742859,1e+06
1,50,5.10722811632505,1e+06
1,51,5.13006325849886,1e+06
1,52,5.15758902632241,1e+06
1,53,5.19066762562586,1e+06
1,54,5.23027828163692,1e+06
1,55,5.27751419492734,1e+06
1,56,5.33356981539103,1e+06
1,57,5.39971490540378,1e+06
1,58,5.47725184458124,1e+06
1,59,5.56745334176279,1e+06
1,60,5.67147950908617,1e+06
1,61,5.79027630866114,1e+06
1,62,5.92446171161079,1e+06
1,63,6.07421079179263,1e+06
1,64,6.23915540018851,1e+06
1,65,6.41831624211275,1e+06
1,66,6.61008371587175,1e+06
1,67,6.81225799109876,1e+06
1,68,7.02214935291264,1e+06
1,69,7.23672891972876,1e+06
1,70,7.45281078882317,1e+06
1,71,7.66724164215741,1e+06
1,72,7.87707442799493,1e+06
1,73,8.0797078893439,1e+06
1,74,8.27298158184869,1e+06
1,75,8.45522414854947,1e+06
1,76,8.62525936431554,1e+06
1,77,8.78237855001506,1e+06
1,78,8.92628962045281,1e+06
1,79,9.05705277748516,1e+06
1,80,9.17501123838251,1e+06
1,81,9.2807233397359,1e+06
1,82,9.37490029350486,1e+06
1,83,9.45835196754014,1e+06
1,84,9.53194172206428,1e+06
1,85,9.5965502643891,1e+06
1,86,9.65304789284733,1e+06
1,87,9.7022741130268,1e+06
1,88,9.74502351033276,1e+06
1,89,9.7820367192465,1e+06
1,90,9.81399542123505,1e+06
1,91,9.84152043598504,1e+06
1,92,9.8651721064162,1e+06
1,93,9.88545230536974,1e+06
1,94,9.90280755373298,1e+06
1,95,9.9176328164992,1e+06
1,96,9.93027567012076,1e+06
1,97,9.9410406080045,1e+06
1,98,9.95019330389396,1e+06
1,99,9.95796472745215,1e+06
1,100,9.96455502721356,1e+06
1,101,9.97013713291307,1e+06
1,102,9.97486006286297,1e+06
1,103,9.97885192140348,1e+06
1,104,9.98222258818781,1e+06
1,105,9.98506611853673,1e+06
1,106,9.9874628760745,1e+06
1,107,9.98948140693703,1e+06
1,108,9.99118008429099,1e+06
1,109,9.99260854438106,1e+06
1,110,9.99380893796722,1e+06
1,111,9.99481701219752,1e+06
1,112,9.9956630476742,1e+06
1,113,9.99637266693614,1e+06
1,114,9.99696752674128,1e+06
1,115,9.99746591514372,1e+06
1,116,9.99788326091808,1e+06
1,117,9.99823257098481,1e+06
1,118,9.99852479208271,1e+06
1,119,9.99876914436014,1e+06
1,120,9.99897337960684,1e+06
1,121,9.99914401854331,1e+06
1,122,9.99928652676829,1e+06
1,123,9.99940549552207,1e+06
1,124,9.9995047787413,1e+06
1,125,9.99958760166064,1e+06
1,126,9.99965666545425,1e+06
1,127,9.99971424545765,1e+06
1,128,9.99976223107597,1e+06
1,129,9.999802212042,1e+06
1,130,9.99983550949089,1e+06
1,131,9.99986323461459,1e+06
1,132,9.99988631329887,1e+06
1,133,9.99990551896214,1e+06
1,134,9.99992149853151,1e+06
1,135,9.9999347877743,1e+06
1,136,9.99994583891352,1e+06
1,137,9.99995502540511,1e+06
1,138,9.99996266496452,1e+06
1,139,9.99996901804426,1e+06
1,140,9.99997429060717,1e+06
1,141,9.99997867044263,1e+06
1,142,9.99998230378747,1e+06
1,143,9.99998532032443,1e+06
1,144,9.99998783590704,1e+06
1,145,9.99998990441986,1e+06
1,146,9.99999162973695,1e+06
1,147,9.99999305916191,1e+06
1,148,9.99999424395116,1e+06
1,149,9.99999522757967,1e+06
1,150,9.99999604204479,1e+06
1,151,9.99999672165204,1e+06
1,152,9.99999728451723,1e+06
1,153,9.99999777225632,1e+06
1,154,9.99999814172517,1e+06
1,155,9.99999845978273,1e+06
1,156,9.99999873039974,1e+06
1,157,9.99999895714808,1e+06
1,158,9.99999914002774,1e+06
1,159,9.99999928758656,1e+06
1,160,9.99999941091852,1e+06
1,161,9.99999951006933,1e+06
1,162,9.99999958946402,1e+06
1,163,9.99999965714996,1e+06
1,164,9.99999971329565,1e+06
1,165,9.9999997593471,1e+06
1,166,9.99999979894123,1e+06
1,167,9.99999983225358,1e+06
1,168,9.99999985981306,1e+06
1,169,9.99999988337528,1e+06
1,170,9.99999990307986,1e+06
1,171,9.99999991919029,1e+06
1,172,9.99999993287334,1e+06
1,173,9.99999994426769,1e+06
1,174,9.99999995349831,1e+06
1,175,9.99999996131951,1e+06
1,176,9.99999996785775,1e+06
1,177,9.99999997317483,1e+06
1,178,9.9999999776837,1e+06
1,179,9.99999998146073,1e+06
1,180,9.99999998453693,1e+06
1,181,9.99999998714265,1e+06
1,182,9.99999998932472,1e+06
1,183,9.99999999109928,1e+06
1,184,9.99999999260005,1e+06
1,185,9.99999999385687,1e+06
1,186,9.99999999487771,1e+06
1,187,9.99999999573996,1e+06
1,188,9.99999999646315,1e+06
1,189,9.99999999721768,1e+06
1,190,9.99999999817756,1e+06
1,191,9.99999999905148,1e+06
1,192,9.99999999983945,1e+06
1,193,10.0000000005415,1e+06
1,194,10.0000000011575,1e+06
1,195,10.0000000016876,1e+06
1,196,10.0000000021318,1e+06
1,197,10.0000000024899,1e+06
1,198,10.0000000027622,1e+06
1,199,10.0000000029485,1e+06
1,200,10.0000000030488,1e+06
1,201,10.0000000030631,1e+06
1,202,10.0000000029916,1e+06
1,203,10.000000002834,1e+06
1,204,10.0000000025905,1e+06
1,205,10.0000000022611,1e+06
1,206,10.0000000018456,1e+06
1,207,10.0000000017566,1e+06
1,208,10.0000000018321,1e+06
1,209,10.0000000018878,1e+06
1,210,10.0000000019237,1e+06
1,211,10.0000000019399,1e+06
1,212,10.0000000019362,1e+06
1,213,10.0000000019128,1e+06
1,214,10.0000000018696,1e+06
1,215,10.0000000018066,1e+06
1,216,10.0000000017238,1e+06
1,217,10.0000000016213,1e+06
1,218,10.0000000014989,1e+06
1,219,10.0000000013568,1e+06
1,220,10.0000000011948,1e+06
1,221,10.0000000010131,1e+06
1,222,10.0000000008116,1e+06
1,223,10.0000000005903,1e+06
1,224,9.99999999997016,1e+06
1,225,9.99999999995853,1e+06
1,226,9.99999999994689,1e+06
1,227,9.99999999993525,1e+06
1,228,9.99999999992361,1e+06
1,229,9.99999999991197,1e+06
1,230,9.99999999990033,1e+06
1,231,9.99999999988869,1e+06
1,232,9.99999999987705,1e+06
1,233,9.99999999986541,1e+06
1,234,9.99999999985378,1e+06
1,235,9.99999999984214,1e+06
1,236,9.9999999998305,1e+06
1,237,9.99999999981886,1e+06
1,238,9.99999999980722,1e+06
1,239,9.99999999979558,1e+06
1,240,9.99999999978394,1e+06
1,241,9.9999999997723,1e+06
1,242,9.99999999976414,1e+06
1,243,9.9999999997632,1e+06
1,244,9.99999999976226,1e+06
1,245,9.99999999976132,1e+06
1,246,9.99999999976038,1e+06
1,247,9.99999999975944,1e+06
1,248,9.9999999997585,1e+06
1,249,9.99999999975756,1e+06
1,250,9.99999999975662,1e+06
1,251,9.99999999975568,1e+06
1,252,9.99999999975474,1e+06
1,253,9.9999999997538,1e+06
1,254,9.99999999975286,1e+06
1,255,9.99999999975192,1e+06
1,256,9.99999999975098,1e+06
1,257,9.99999999975004,1e+06
1,258,9.99999999974909,1e+06
1,259,9.99999999974816,1e+06
1,260,9.99999999974721,1e+06
1,261,9.99999999974627,1e+06
1,262,9.99999999974533,1e+06
1,263,9.99999999974439,1e+06
1,264,9.99999999974345,1e+06
1,265,9.99999999974251,1e+06
1,266,9.99999999974157,1e+06
1,267,9.99999999974063,1e+06
1,268,9.99999999973969,1e+06
1,269,9.99999999973875,1e+06
1,270,9.99999999973781,1e+06
1,271,9.99999999973687,1e+06
1,272,9.99999999973593,1e+06
1,273,9.99999999973499,1e+06
1,274,9.99999999973405,1e+06
1,275,9.99999999973311,1e+06
1,276,9.99999999973217,1e+06
1,277,9.99999999973123,1e+06
1,278,9.99999999973029,1e+06
1,279,9.99999999972935,1e+06
1,280,9.99999999972841,1e+06
1,281,9.99999999972747,1e+06
1,282,9.99999999972652,1e+06
1,283,9.99999999972558,1e+06
1,284,9.99999999972464,1e+06
1,285,9.9999999997237,1e+06
1,286,9.99999999972276,1e+06
1,287,9.99999999972182,1e+06
1,288,9.99999999972088,1e+06
1,289,9.99999999971994,1e+06
1,290,9.999999999719,1e+06
1,291,9.99999999971806,1e+06
1,292,9.99999999971712,1e+06
1,293,9.99999999971618,1e+06
1,294,9.99999999971524,1e+06
1,295,9.9999999997143,1e+06
1,296,9.99999999971336,1e+06
1,297,9.99999999971242,1e+06
1,298,9.99999999971148,1e+06
1,299,9.99999999971054,1e+06
1,300,9.9999999997096,1e+06
1,301,9.99999999970866,1e+06
1,302,9.99999999970772,1e+06
1,303,9.99999999970678,1e+06
1,304,9.99999999970584,1e+06
1,305,9.9999999997049,1e+06
1,306,9.99999999970395,1e+06
1,307,9.99999999970301,1e+06
1,308,9.99999999970207,1e+06
1,309,9.99999999970113,1e+06
1,310,9.99999999970019,1e+06
1,311,9.99999999969925,1e+06
1,312,9.99999999969831,1e+06
1,313,9.99999999969737,1e+06
1,314,9.99999999969643,1e+06
1,315,9.99999999969549,1e+06
1,316,9.99999999969455,1e+06
1,317,9.99999999969361,1e+06
1,318,9.99999999969267,1e+06
1,319,9.99999999969173,1e+06
1,320,9.99999999969079,1e+06
1,321,9.99999999968985,1e+06
1,322,9.99999999968891,1e+06
1,323,9.99999999968797,1e+06
1,324,9.99999999968703,1e+06
1,325,9.99999999968609,1e+06
1,326,9.99999999968515,1e+06
1,327,9.9999999996842,1e+06
1,328,9.99999999968326,1e+06
1,329,9.99999999968233,1e+06
1,330,9.99999999968138,1e+06
1,331,9.99999999968044,1e+06
1,332,9.9999999996795,1e+06
1,333,9.99999999967856,1e+06
1,334,9.99999999967762,1e+06
1,335,9.99999999967668,1e+06
1,336,9.99999999967574,1e+06
1,337,9.9999999996748,1e+06
1,338,9.99999999967386,1e+06
1,339,9.99999999967292,1e+06
1,340,9.99999999967198,1e+06
1,341,9.99999999967104,1e+06
1,342,9.9999999996701,1e+06
1,343,9.99999999966916,1e+06
1,344,9.99999999966822,1e+06
1,345,9.99999999966728,1e+06
1,346,9.99999999966634,1e+06
1,347,9.9999999996654,1e+06
1,348,9.99999999966446,1e+06
1,349,9.99999999966352,1e+06
1,350,9.99999999966258,1e+06
1,351,9.99999999966163,1e+06
1,352,9.99999999966069,1e+06
1,353,9.99999999965975,1e+06
1,354,9.99999999965881,1e+06
1,355,9.99999999965787,1e+06
1,356,9.99999999965693,1e+06
1,357,9.99999999965599,1e+06
1,358,9.99999999965505,1e+06
1,359,9.99999999965411,1e+06
1,360,9.99999999965317,1e+06
1,361,9.99999999965223,1e+06
1,362,9.99999999965129,1e+06
1,363,9.99999999965035,1e+06
1,364,9.99999999964941,1e+06
1,365,9.99999999964847,1e+06
1,366,9.99999999964753,1e+06
1,367,9.99999999964659,1e+06
1,368,9.99999999964565,1e+06
1,369,9.99999999964471,1e+06
1,370,9.99999999964377,1e+06
1,371,9.99999999964283,1e+06
1,372,9.99999999964189,1e+06
1,373,9.99999999964094,1e+06
1,374,9.99999999964001,1e+06
1,375,9.99999999963906,1e+06
1,376,9.99999999963812,1e+06
1,377,9.99999999963718,1e+06
1,378,9.99999999963624,1e+06
1,379,9.9999999996353,1e+06
1,380,9.99999999963436,1e+06
1,381,9.99999999963342,1e+06
1,382,9.99999999963248,1e+06
1,383,9.99999999963154,1e+06
1,384,9.9999999996306,1e+06
1,385,9.99999999962966,1e+06
1,386,9.99999999962872,1e+06
1,387,9.99999999962778,1e+06
1,388,9.99999999962684,1e+06
1,389,9.9999999996259,1e+06
1,390,9.99999999962496,1e+06
1,391,9.99999999962402,1e+06
1,392,9.99999999962308,1e+06
1,393,9.99999999962214,1e+06
1,394,9.9999999996212,1e+06
1,395,9.99999999962026,1e+06
1,396,9.99999999961932,1e+06
1,397,9.99999999961837,1e+06
1,398,9.99999999961743,1e+06
1,399,9.99999999961649,1e+06
1,400,9.99999999961555,1e+06
1,401,9.99999999961461,1e+06
1,402,9.99999999961367,1e+06
1,403,9.99999999961273,1e+06
1,404,9.99999999961179,1e+06
1,405,9.99999999961085,1e+06
1,406,9.99999999960991,1e+06
1,407,9.99999999960897,1e+06
1,408,9.99999999960803,1e+06
1,409,9.99999999960709,1e+06
1,410,9.99999999960615,1e+06
1,411,9.99999999960521,1e+06
1,412,9.99999999960427,1e+06
1,413,9.99999999960333,1e+06
1,414,9.99999999960239,1e+06
1,415,9.99999999960145,1e+06
1,416,9.99999999960051,1e+06
1,417,9.99999999959957,1e+06
1,418,9.99999999959863,1e+06
1,419,9.9999999995994,1e+06
1,420,9.99999999960155,1e+06
1,421,9.9999999996037,1e+06
1,422,9.99999999960585,1e+06
1,423,9.999999999608,1e+06
1,424,9.99999999961014,1e+06
1,425,9.99999999961229,1e+06
1,426,9.99999999961444,1e+06
1,427,9.99999999961659,1e+06
1,428,9.99999999961874,1e+06
1,429,9.99999999962089,1e+06
1,430,9.99999999962304,1e+06
1,431,9.99999999962519,1e+06
1,432,9.99999999962734,1e+06
1,433,9.99999999962949,1e+06
1,434,9.99999999963164,1e+06
1,435,9.99999999963378,1e+06
1,436,9.99999999963593,1e+06
1,437,9.99999999963808,1e+06
1,438,9.99999999964023,1e+06
1,439,9.99999999964238,1e+06
1,440,9.99999999964453,1e+06
1,441,9.99999999964668,1e+06
1,442,9.99999999964883,1e+06
1,443,9.99999999965097,1e+06
1,444,9.99999999965312,1e+06
1,445,9.99999999965527,1e+06
1,446,9.99999999965742,1e+06
1,447,9.99999999965957,1e+06
1,448,9.99999999966172,1e+06
1,449,9.99999999966387,1e+06
1,450,9.99999999966602,1e+06
1,451,9.99999999966817,1e+06
1,452,9.99999999967032,1e+06
1,453,9.99999999967246,1e+06
1,454,9.99999999967461,1e+06
1,455,9.99999999967676,1e+06
1,456,9.99999999967891,1e+06
1,457,9.99999999968106,1e+06
1,458,9.99999999968321,1e+06
1,459,9.99999999968536,1e+06
1,460,9.99999999968751,1e+06
1,461,9.99999999968966,1e+06
1,462,9.99999999969181,1e+06
1,463,9.99999999969395,1e+06
1,464,9.9999999996961,1e+06
1,465,9.99999999969825,1e+06
1,466,9.9999999997004,1e+06
1,467,9.99999999970255,1e+06
1,468,9.9999999997047,1e+06
1,469,9.99999999970685,1e+06
1,470,9.999999999709,1e+06
1,471,9.99999999971114,1e+06
1,472,9.99999999971329,1e+06
1,473,9.99999999971544,1e+06
1,474,9.99999999971759,1e+06
1,475,9.99999999971974,1e+06
1,476,9.99999999972189,1e+06
1,477,9.99999999972404,1e+06
1,478,9.99999999972619,1e+06
1,479,9.99999999972834,1e+06
1,480,9.99999999973049,1e+06
1,481,9.99999999973264,1e+06
1,482,9.99999999973478,1e+06
1,483,9.99999999973693,1e+06
1,484,9.99999999973908,1e+06
1,485,9.99999999974123,1e+06
1,486,9.99999999974338,1e+06
1,487,9.99999999974553,1e+06
1,488,9.99999999974768,1e+06
1,489,9.99999999974983,1e+06
1,490,9.99999999975197,1e+06
1,491,9.99999999975412,1e+06
1,492,9.99999999975627,1e+06
1,493,9.99999999975842,1e+06
1,494,9.99999999976057,1e+06
1,495,9.99999999976272,1e+06
1,496,9.99999999976487,1e+06
1,497,9.99999999976702,1e+06
1,498,9.99999999976917,1e+06
1,499,9.99999999977132,1e+06
1,500,9.99999999977346,1e+06
1,501,9.99999999977561,1e+06
1,502,9.99999999977776,1e+06
1,503,9.99999999977991,1e+06
1,504,9.99999999978206,1e+06
1,505,9.99999999978421,1e+06
1,506,9.99999999978636,1e+06
1,507,9.99999999978851,1e+06
1,508,9.99999999979066,1e+06
1,509,9.9999999997928,1e+06
1,510,9.99999999979495,1e+06
1,511,9.9999999997971,1e+06
1,512,9.99999999979925,1e+06
1,513,9.9999999998014,1e+06
1,514,9.99999999980355,1e+06
1,515,9.9999999998057,1e+06
1,516,9.99999999980785,1e+06
1,517,9.99999999981,1e+06
1,518,9.99999999981214,1e+06
1,519,9.99999999981429,1e+06
1,520,9.99999999981644,1e+06
1,521,9.99999999981859,1e+06
1,522,9.99999999982074,1e+06
1,523,9.99999999982289,1e+06
1,524,9.99999999982504,1e+06
1,525,9.99999999982719,1e+06
1,526,9.99999999982934,1e+06
1,527,9.99999999983149,1e+06
1,528,9.99999999983363,1e+06
1,529,9.99999999983578,1e+06
1,530,9.99999999983793,1e+06
1,531,9.99999999984008,1e+06
1,532,9.99999999984223,1e+06
1,533,9.99999999984438,1e+06
1,534,9.99999999984653,1e+06
1,535,9.99999999984868,1e+06
1,536,9.99999999985083,1e+06
1,537,9.99999999985297,1e+06
1,538,9.99999999985512,1e+06
1,539,9.99999999985727,1e+06
1,540,9.99999999985942,1e+06
1,541,9.99999999986157,1e+06
1,542,9.99999999986372,1e+06
1,543,9.99999999986587,1e+06
1,544,9.99999999986802,1e+06
1,545,9.99999999987017,1e+06
1,546,9.99999999987232,1e+06
1,547,9.99999999987446,1e+06
1,548,9.99999999987661,1e+06
1,549,9.99999999987876,1e+06
1,550,9.99999999988091,1e+06
1,551,9.99999999988306,1e+06
1,552,9.99999999988521,1e+06
1,553,9.99999999988736,1e+06
1,554,9.99999999988951,1e+06
1,555,9.99999999989166,1e+06
1,556,9.9999999998938,1e+06
1,557,9.99999999989595,1e+06
1,558,9.9999999998981,1e+06
1,559,9.99999999990025,1e+06
1,560,9.9999999999024,1e+06
1,561,9.99999999990455,1e+06
1,562,9.9999999999067,1e+06
1,563,9.99999999990885,1e+06
1,564,9.999999999911,1e+06
1,565,9.99999999991315,1e+06
1,566,9.99999999991529,1e+06
1,567,9.99999999991744,1e+06
1,568,9.99999999991959,1e+06
1,569,9.99999999992174,1e+06
1,570,9.99999999992389,1e+06
1,571,9.99999999992604,1e+06
1,572,9.99999999992819,1e+06
1,573,9.99999999993034,1e+06
1,574,9.99999999993249,1e+06
1,575,9.99999999993463,1e+06
1,576,9.99999999993678,1e+06
1,577,9.99999999993893,1e+06
1,578,9.99999999994108,1e+06
1,579,9.99999999994323,1e+06
1,580,9.99999999994538,1e+06
1,581,9.99999999994753,1e+06
1,582,9.99999999994968,1e+06
1,583,9.99999999995183,1e+06
1,584,9.99999999995397,1e+06
1,585,9.99999999995612,1e+06
1,586,9.99999999995827,1e+06
1,587,9.99999999996042,1e+06
1,588,9.99999999996257,1e+06
1,589,9.99999999996472,1e+06
1,590,9.99999999996687,1e+06
1,591,9.99999999996902,1e+06
1,592,9.99999999997117,1e+06
1,593,9.99999999997332,1e+06
1,594,9.99999999997546,1e+06
1,595,9.99999999997761,1e+06
1,596,9.99999999997808,1e+06
1,597,9.99999999997809,1e+06
1,598,9.9999999999781,1e+06
1,599,9.99999999997812,1e+06
1,600,9.99999999997813,1e+06
1,601,9.99999999997814,1e+06
1,602,9.99999999997815,1e+06
1,603,9.99999999997816,1e+06
1,604,9.99999999997817,1e+06
1,605,9.99999999997818,1e+06
1,606,9.99999999997819,1e+06
1,607,9.9999999999782,1e+06
1,608,9.99999999997821,1e+06
1,609,9.99999999997822,1e+06
1,610,9.99999999997823,1e+06
1,611,9.99999999997824,1e+06
1,612,9.99999999997825,1e+06
1,613,9.99999999997826,1e+06
1,614,9.99999999997827,1e+06
1,615,9.99999999997828,1e+06
1,616,9.99999999997829,1e+06
1,617,9.99999999997831,1e+06
1,618,9.99999999997832,1e+06
1,619,9.99999999997833,1e+06
1,620,9.99999999997834,1e+06
1,621,9.99999999997835,1e+06
1,622,9.99999999997836,1e+06
1,623,9.99999999997837,1e+06
1,624,9.99999999997838,1e+06
1,625,9.99999999997839,1e+06
1,626,9.9999999999784,1e+06
1,627,9.99999999997841,1e+06
1,628,9.99999999997842,1e+06
1,629,9.99999999997843,1e+06
1,630,9.99999999997844,1e+06
1,631,9.99999999997845,1e+06
1,632,9.99999999997847,1e+06
1,633,9.99999999997847,1e+06
1,634,9.99999999997848,1e+06
1,635,9.9999999999785,1e+06
1,636,9.99999999997851,1e+06
1,637,9.99999999997852,1e+06
1,638,9.99999999997853,1e+06
1,639,9.99999999997854,1e+06
1,640,9.99999999997855,1e+06
1,641,9.99999999997856,1e+06
1,642,9.99999999997857,1e+06
1,643,9.99999999997858,1e+06
1,644,9.99999999997859,1e+06
1,645,9.9999999999786,1e+06
1,646,9.99999999997861,1e+06
1,647,9.99999999997862,1e+06
1,648,9.99999999997863,1e+06
1,649,9.99999999997864,1e+06
1,650,9.99999999997866,1e+06
1,651,9.99999999997867,1e+06
1,652,9.99999999997868,1e+06
1,653,9.99999999997869,1e+06
1,654,9.9999999999787,1e+06
1,655,9.99999999997871,1e+06
1,656,9.99999999997872,1e+06
1,657,9.99999999997873,1e+06
1,658,9.99999999997874,1e+06
1,659,9.99999999997875,1e+06
1,660,9.99999999997876,1e+06
1,661,9.99999999997877,1e+06
1,662,9.99999999997878,1e+06
1,663,9.99999999997879,1e+06
1,664,9.9999999999788,1e+06
1,665,9.99999999997881,1e+06
1,666,9.99999999997882,1e+06
1,667,9.99999999997883,1e+06
1,668,9.99999999997885,1e+06
1,669,9.99999999997886,1e+06
1,670,9.99999999997887,1e+06
1,671,9.99999999997888,1e+06
1,672,9.99999999997889,1e+06
1,673,9.9999999999789,1e+06
1,674,9.99999999997891,1e+06
1,675,9.99999999997892,1e+06
1,676,9.99999999997893,1e+06
1,677,9.99999999997894,1e+06
1,678,9.99999999997895,1e+06
1,679,9.99999999997896,1e+06
1,680,9.99999999997897,1e+06
1,681,9.99999999997898,1e+06
1,682,9.99999999997899,1e+06
1,683,9.999999999979,1e+06
1,684,9.99999999997901,1e+06
1,685,9.99999999997902,1e+06
1,686,9.99999999997904,1e+06
1,687,9.99999999997905,1e+06
1,688,9.99999999997906,1e+06
1,689,9.99999999997907,1e+06
1,690,9.99999999997908,1e+06
1,691,9.99999999997909,1e+06
1,692,9.9999999999791,1e+06
1,693,9.99999999997911,1e+06
1,694,9.99999999997912,1e+06
1,695,9.99999999997913,1e+06
1,696,9.99999999997914,1e+06
1,697,9.99999999997915,1e+06
1,698,9.99999999997916,1e+06
1,699,9.99999999997917,1e+06
1,700,9.99999999997918,1e+06
1,701,9.9999999999792,1e+06
1,702,9.99999999997921,1e+06
1,703,9.99999999997922,1e+06
1,704,9.99999999997923,1e+06
1,705,9.99999999997924,1e+06
1,706,9.99999999997925,1e+06
1,707,9.99999999997926,1e+06
1,708,9.99999999997927,1e+06
1,709,9.99999999997928,1e+06
1,710,9.99999999997929,1e+06
1,711,9.9999999999793,1e+06
1,712,9.99999999997931,1e+06
1,713,9.99999999997932,1e+06
1,714,9.99999999997933,1e+06
1,715,9.99999999997934,1e+06
1,716,9.99999999997935,1e+06
1,717,9.99999999997936,1e+06
1,718,9.99999999997937,1e+06
1,719,9.99999999997939,1e+06
1,720,9.9999999999794,1e+06
1,721,9.99999999997941,1e+06
1,722,9.99999999997942,1e+06
1,723,9.99999999997943,1e+06
1,724,9.99999999997944,1e+06
1,725,9.99999999997945,1e+06
1,726,9.99999999997946,1e+06
1,727,9.99999999997947,1e+06
1,728,9.99999999997948,1e+06
1,729,9.99999999997949,1e+06
1,730,9.9999999999795,1e+06
1,731,9.99999999997951,1e+06
1,732,9.99999999997952,1e+06
1,733,9.99999999997953,1e+06
1,734,9.99999999997954,1e+06
1,735,9.99999999997955,1e+06
1,736,9.99999999997956,1e+06
1,737,9.99999999997958,1e+06
1,738,9.99999999997959,1e+06
1,739,9.9999999999796,1e+06
1,740,9.99999999997961,1e+06
1,741,9.99999999997962,1e+06
1,742,9.99999999997963,1e+06
1,743,9.99999999997964,1e+06
1,744,9.99999999997965,1e+06
1,745,9.99999999997966,1e+06
1,746,9.99999999997967,1e+06
1,747,9.99999999997968,1e+06
1,748,9.99999999997969,1e+06
1,749,9.9999999999797,1e+06
1,750,9.99999999997971,1e+06
1,751,9.99999999997972,1e+06
1,752,9.99999999997974,1e+06
1,753,9.99999999997975,1e+06
1,754,9.99999999997976,1e+06
1,755,9.99999999997977,1e+06
1,756,9.99999999997978,1e+06
1,757,9.99999999997979,1e+06
1,758,9.9999999999798,1e+06
1,759,9.99999999997981,1e+06
1,760,9.99999999997982,1e+06
1,761,9.99999999997983,1e+06
1,762,9.99999999997984,1e+06
1,763,9.99999999997985,1e+06
1,764,9.99999999997986,1e+06
1,765,9.99999999997987,1e+06
1,766,9.99999999997988,1e+06
1,767,9.99999999997989,1e+06
1,768,9.9999999999799,1e+06
1,769,9.99999999997991,1e+06
1,770,9.99999999997993,1e+06
1,771,9.99999999997994,1e+06
1,772,9.99999999997995,1e+06
1,773,9.99999999997996,1e+06
1,774,9.99999999997997,1e+06
1,775,9.99999999997998,1e+06
1,776,9.99999999997999,1e+06
1,777,9.99999999998,1e+06
1,778,9.99999999998001,1e+06
1,779,9.99999999998002,1e+06
1,780,9.99999999998003,1e+06
1,781,9.99999999998004,1e+06
1,782,9.99999999998005,1e+06
1,783,9.99999999998006,1e+06
1,784,9.99999999998007,1e+06
1,785,9.99999999998008,1e+06
1,786,9.99999999998009,1e+06
1,787,9.9999999999801,1e+06
1,788,9.99999999998012,1e+06
1,789,9.99999999998013,1e+06
1,790,9.99999999998014,1e+06
1,791,9.99999999998015,1e+06
1,792,9.99999999998016,1e+06
1,793,9.99999999998017,1e+06
1,794,9.99999999998018,1e+06
1,795,9.99999999998019,1e+06
1,796,9.9999999999802,1e+06
1,797,9.99999999998021,1e+06
1,798,9.99999999998022,1e+06
1,799,9.99999999998023,1e+06
1,800,9.99999999998024,1e+06
1,801,9.99999999998025,1e+06
1,802,9.99999999998026,1e+06
1,803,9.99999999998028,1e+06
1,804,9.99999999998029,1e+06
1,805,9.9999999999803,1e+06
1,806,9.99999999998031,1e+06
1,807,9.99999999998032,1e+06
1,808,9.99999999998033,1e+06
1,809,9.99999999998034,1e+06
1,810,9.99999999998035,1e+06
1,811,9.99999999998036,1e+06
1,812,9.99999999998037,1e+06
1,813,9.99999999998038,1e+06
1,814,9.99999999998039,1e+06
1,815,9.9999999999804,1e+06
1,816,9.99999999998041,1e+06
1,817,9.99999999998042,1e+06
1,818,9.99999999998043,1e+06
1,819,9.99999999998044,1e+06
1,820,9.99999999998045,1e+06
1,821,9.99999999998047,1e+06
1,822,9.99999999998048,1e+06
1,823,9.99999999998049,1e+06
1,824,9.9999999999805,1e+06
1,825,9.99999999998051,1e+06
1,826,9.99999999998052,1e+06
1,827,9.99999999998053,1e+06
1,828,9.99999999998054,1e+06
1,829,9.99999999998055,1e+06
1,830,9.99999999998056,1e+06
1,831,9.99999999998057,1e+06
1,832,9.99999999998058,1e+06
1,833,9.99999999998059,1e+06
1,834,9.9999999999806,1e+06
1,835,9.99999999998061,1e+06
1,836,9.99999999998062,1e+06
1,837,9.99999999998063,1e+06
1,838,9.99999999998064,1e+06
1,839,9.99999999998066,1e+06
1,840,9.99999999998067,1e+06
1,841,9.99999999998068,1e+06
1,842,9.99999999998069,1e+06
1,843,9.9999999999807,1e+06
1,844,9.99999999998071,1e+06
1,845,9.99999999998072,1e+06
1,846,9.99999999998073,1e+06
1,847,9.99999999998074,1e+06
1,848,9.99999999998075,1e+06
1,849,9.99999999998076,1e+06
1,850,9.99999999998077,1e+06
1,851,9.99999999998078,1e+06
1,852,9.99999999998079,1e+06
1,853,9.9999999999808,1e+06
1,854,9.99999999998082,1e+06
1,855,9.99999999998083,1e+06
1,856,9.99999999998084,1e+06
1,857,9.99999999998085,1e+06
1,858,9.99999999998086,1e+06
1,859,9.99999999998087,1e+06
1,860,9.99999999998088,1e+06
1,861,9.99999999998089,1e+06
1,862,9.9999999999809,1e+06
1,863,9.99999999998091,1e+06
1,864,9.99999999998092,1e+06
1,865,9.99999999998093,1e+06
1,866,9.99999999998094,1e+06
1,867,9.99999999998095,1e+06
1,868,9.99999999998096,1e+06
1,869,9.99999999998097,1e+06
1,870,9.99999999998098,1e+06
1,871,9.99999999998099,1e+06
1,872,9.99999999998101,1e+06
1,873,9.99999999998102,1e+06
1,874,9.99999999998103,1e+06
1,875,9.99999999998104,1e+06
1,876,9.99999999998105,1e+06
1,877,9.99999999998106,1e+06
1,878,9.99999999998107,1e+06
1,879,9.99999999998108,1e+06
1,880,9.99999999998109,1e+06
1,881,9.9999999999811,1e+06
1,882,9.99999999998111,1e+06
1,883,9.99999999998112,1e+06
1,884,9.99999999998113,1e+06
1,885,9.99999999998114,1e+06
1,886,9.99999999998115,1e+06
1,887,9.99999999998116,1e+06
1,888,9.99999999998117,1e+06
1,889,9.99999999998118,1e+06
1,890,9.9999999999812,1e+06
1,891,9.99999999998121,1e+06
1,892,9.99999999998122,1e+06
1,893,9.99999999998123,1e+06
1,894,9.99999999998124,1e+06
1,895,9.99999999998125,1e+06
1,896,9.99999999998126,1e+06
1,897,9.99999999998127,1e+06
1,898,9.99999999998128,1e+06
1,899,9.99999999998129,1e+06
1,900,9.9999999999813,1e+06
1,901,9.99999999998131,1e+06
1,902,9.99999999998132,1e+06
1,903,9.99999999998133,1e+06
1,904,9.99999999998134,1e+06
1,905,9.99999999998136,1e+06
1,906,9.99999999998137,1e+06
1,907,9.99999999998138,1e+06
1,908,9.99999999998139,1e+06
1,909,9.9999999999814,1e+06
1,910,9.99999999998141,1e+06
1,911,9.99999999998142,1e+06
1,912,9.99999999998143,1e+06
1,913,9.99999999998144,1e+06
1,914,9.99999999998145,1e+06
1,915,9.99999999998146,1e+06
1,916,9.99999999998147,1e+06
1,917,9.99999999998148,1e+06
1,918,9.99999999998149,1e+06
1,919,9.9999999999815,1e+06
1,920,9.99999999998151,1e+06
1,921,9.99999999998152,1e+06
1,922,9.99999999998153,1e+06
1,923,9.99999999998155,1e+06
1,924,9.99999999998156,1e+06
1,925,9.99999999998157,1e+06
1,926,9.99999999998158,1e+06
1,927,9.99999999998159,1e+06
1,928,9.9999999999816,1e+06
1,929,9.99999999998161,1e+06
1,930,9.99999999998162,1e+06
1,931,9.99999999998163,1e+06
1,932,9.99999999998164,1e+06
1,933,9.99999999998165,1e+06
1,934,9.99999999998166,1e+06
1,935,9.99999999998167,1e+06
1,936,9.99999999998168,1e+06
1,937,9.99999999998169,1e+06
1,938,9.9999999999817,1e+06
1,939,9.99999999998171,1e+06
1,940,9.99999999998172,1e+06
1,941,9.99999999998174,1e+06
1,942,9.99999999998175,1e+06
1,943,9.99999999998176,1e+06
1,944,9.99999999998177,1e+06
1,945,9.99999999998178,1e+06
1,946,9.99999999998179,1e+06
1,947,9.9999999999818,1e+06
1,948,9.99999999998181,1e+06
1,949,9.99999999998182,1e+06
1,950,9.99999999998183,1e+06
1,951,9.99999999998184,1e+06
1,952,9.99999999998185,1e+06
1,953,9.99999999998186,1e+06
1,954,9.99999999998187,1e+06
1,955,9.99999999998188,1e+06
1,956,9.9999999999819,1e+06
1,957,9.99999999998191,1e+06
1,958,9.99999999998192,1e+06
1,959,9.99999999998193,1e+06
1,960,9.99999999998194,1e+06
1,961,9.99999999998195,1e+06
1,962,9.99999999998196,1e+06
1,963,9.99999999998197,1e+06
1,964,9.99999999998198,1e+06
1,965,9.99999999998199,1e+06
1,966,9.999999999982,1e+06
1,967,9.99999999998201,1e+06
1,968,9.99999999998202,1e+06
1,969,9.99999999998203,1e+06
1,970,9.99999999998204,1e+06
1,971,9.99999999998205,1e+06
1,972,9.99999999998206,1e+06
1,973,9.99999999998207,1e+06
1,974,9.99999999998209,1e+06
1,975,9.9999999999821,1e+06
1,976,9.99999999998211,1e+06
1,977,9.99999999998212,1e+06
1,978,9.99999999998213,1e+06
1,979,9.99999999998214,1e+06
1,980,9.99999999998215,1e+06
1,981,9.99999999998216,1e+06
1,982,9.99999999998217,1e+06
1,983,9.99999999998218,1e+06
1,984,9.99999999998219,1e+06
1,985,9.9999999999822,1e+06
1,986,9.99999999998221,1e+06
1,987,9.99999999998222,1e+06
1,988,9.99999999998223,1e+06
1,989,9.99999999998224,1e+06
1,990,9.99999999998225,1e+06
1,991,9.99999999998226,1e+06
1,992,9.99999999998228,1e+06
1,993,9.99999999998229,1e+06
1,994,9.9999999999823,1e+06
1,995,9.99999999998231,1e+06
1,996,9.99999999998232,1e+06
1,997,9.99999999998233,1e+06
1,998,9.99999999998234,1e+06
1,999,9.99999999998235,1e+06
1,1000,9.99999999998236,1e+06
1,1001,9.99999999998237,1e+06
1,1002,9.99999999998238,1e+06
1,1003,9.99999999998239,1e+06
1,1004,9.9999999999824,1e+06
1,1005,9.99999999998241,1e+06
1,1006,9.99999999998242,1e+06
1,1007,9.99999999998244,1e+06
1,1008,9.99999999998245,1e+06
1,1009,9.99999999998246,1e+06
1,1010,9.99999999998247,1e+06
1,1011,9.99999999998248,1e+06
1,1012,9.99999999998249,1e+06
1,1013,9.9999999999825,1e+06
1,1014,9.99999999998251,1e+06
1,1015,9.99999999998252,1e+06
1,1016,9.99999999998253,1e+06
1,1017,9.99999999998254,1e+06
1,1018,9.99999999998255,1e+06
1,1019,9.99999999998256,1e+06
1,1020,9.99999999998257,1e+06
1,1021,9.99999999998258,1e+06
1,1022,9.99999999998259,1e+06
1,1023,9.9999999999826,1e+06
1,1024,9.99999999998261,1e+06
1,1025,9.99999999998263,1e+06
1,1026,9.99999999998264,1e+06
1,1027,9.99999999998265,1e+06
1,1028,9.99999999998266,1e+06
1,1029,9.99999999998267,1e+06
1,1030,9.99999999998268,1e+06
1,1031,9.99999999998269,1e+06
1,1032,9.9999999999827,1e+06
1,1033,9.99999999998271,1e+06
1,1034,9.99999999998272,1e+06
1,1035,9.99999999998273,1e+06
1,1036,9.99999999998274,1e+06
1,1037,9.99999999998275,1e+06
1,1038,9.99999999998276,1e+06
1,1039,9.99999999998277,1e+06
1,1040,9.99999999998278,1e+06
1,1041,9.99999999998279,1e+06
1,1042,9.9999999999828,1e+06
1,1043,9.99999999998282,1e+06
1,1044,9.99999999998283,1e+06
1,1045,9.99999999998284,1e+06
1,1046,9.99999999998285,1e+06
1,1047,9.99999999998286,1e+06
1,1048,9.99999999998287,1e+06
1,1049,9.99999999998288,1e+06
1,1050,9.99999999998289,1e+06
1,1051,9.9999999999829,1e+06
1,1052,9.99999999998291,1e+06
1,1053,9.99999999998292,1e+06
1,1054,9.99999999998293,1e+06
1,1055,9.99999999998294,1e+06
1,1056,9.99999999998295,1e+06
1,1057,9.99999999998296,1e+06
1,1058,9.99999999998298,1e+06
1,1059,9.99999999998299,1e+06
1,1060,9.99999999998299,1e+06
1,1061,9.99999999998301,1e+06
1,1062,9.99999999998302,1e+06
1,1063,9.99999999998303,1e+06
1,1064,9.99999999998304,1e+06
1,1065,9.99999999998305,1e+06
1,1066,9.99999999998306,1e+06
1,1067,9.99999999998307,1e+06
1,1068,9.99999999998308,1e+06
1,1069,9.99999999998309,1e+06
1,1070,9.9999999999831,1e+06
1,1071,9.99999999998311,1e+06
1,1072,9.99999999998312,1e+06
1,1073,9.99999999998313,1e+06
1,1074,9.99999999998314,1e+06
1,1075,9.99999999998315,1e+06
1,1076,9.99999999998317,1e+06
1,1077,9.99999999998318,1e+06
1,1078,9.99999999998319,1e+06
1,1079,9.9999999999832,1e+06
1,1080,9.99999999998321,1e+06
1,1081,9.99999999998322,1e+06
1,1082,9.99999999998323,1e+06
1,1083,9.99999999998324,1e+06
1,1084,9.99999999998325,1e+06
1,1085,9.99999999998326,1e+06
1,1086,9.99999999998327,1e+06
1,1087,9.99999999998328,1e+06
1,1088,9.99999999998329,1e+06
1,1089,9.9999999999833,1e+06
1,1090,9.99999999998331,1e+06
1,1091,9.99999999998332,1e+06
1,1092,9.99999999998333,1e+06
1,1093,9.99999999998334,1e+06
1,1094,9.99999999998336,1e+06
1,1095,9.99999999998337,1e+06
1,1096,9.99999999998338,1e+06
1,1097,9.99999999998339,1e+06
1,1098,9.9999999999834,1e+06
1,1099,9.99999999998341,1e+06
1,1100,9.99999999998342,1e+06
1,1101,9.99999999998343,1e+06
1,1102,9.99999999998344,1e+06
1,1103,9.99999999998345,1e+06
1,1104,9.99999999998346,1e+06
1,1105,9.99999999998347,1e+06
1,1106,9.99999999998348,1e+06
1,1107,9.99999999998349,1e+06
1,1108,9.9999999999835,1e+06
1,1109,9.99999999998352,1e+06
1,1110,9.99999999998352,1e+06
1,1111,9.99999999998353,1e+06
1,1112,9.99999999998355,1e+06
1,1113,9.99999999998356,1e+06
1,1114,9.99999999998357,1e+06
1,1115,9.99999999998358,1e+06
1,1116,9.99999999998359,1e+06
1,1117,9.9999999999836,1e+06
1,1118,9.99999999998361,1e+06
1,1119,9.99999999998362,1e+06
1,1120,9.99999999998363,1e+06
1,1121,9.99999999998364,1e+06
1,1122,9.99999999998365,1e+06
1,1123,9.99999999998366,1e+06
1,1124,9.99999999998367,1e+06
1,1125,9.99999999998368,1e+06
1,1126,9.99999999998369,1e+06
1,1127,9.99999999998371,1e+06
1,1128,9.99999999998372,1e+06
1,1129,9.99999999998373,1e+06
1,1130,9.99999999998374,1e+06
1,1131,9.99999999998375,1e+06
1,1132,9.99999999998376,1e+06
1,1133,9.99999999998377,1e+06
1,1134,9.99999999998378,1e+06
1,1135,9.99999999998379,1e+06
1,1136,9.9999999999838,1e+06
1,1137,9.99999999998381,1e+06
1,1138,9.99999999998382,1e+06
1,1139,9.99999999998383,1e+06
1,1140,9.99999999998384,1e+06
1,1141,9.99999999998385,1e+06
1,1142,9.99999999998386,1e+06
1,1143,9.99999999998387,1e+06
1,1144,9.99999999998388,1e+06
1,1145,9.9999999999839,1e+06
1,1146,9.99999999998391,1e+06
1,1147,9.99999999998392,1e+06
1,1148,9.99999999998393,1e+06
1,1149,9.99999999998394,1e+06
1,1150,9.99999999998395,1e+06
1,1151,9.99999999998396,1e+06
1,1152,9.99999999998397,1e+06
1,1153,9.99999999998398,1e+06
1,1154,9.99999999998399,1e+06
1,1155,9.999999999984,1e+06
1,1156,9.99999999998401,1e+06
1,1157,9.99999999998402,1e+06
1,1158,9.99999999998403,1e+06
1,1159,9.99999999998404,1e+06
1,1160,9.99999999998405,1e+06
1,1161,9.99999999998406,1e+06
1,1162,9.99999999998407,1e+06
1,1163,9.99999999998409,1e+06
1,1164,9.9999999999841,1e+06
1,1165,9.99999999998411,1e+06
1,1166,9.99999999998412,1e+06
1,1167,9.99999999998413,1e+06
1,1168,9.99999999998414,1e+06
1,1169,9.99999999998415,1e+06
1,1170,9.99999999998416,1e+06
1,1171,9.99999999998417,1e+06
1,1172,9.99999999998418,1e+06
1,1173,9.99999999998419,1e+06
1,1174,9.9999999999842,1e+06
1,1175,9.99999999998421,1e+06
1,1176,9.99999999998422,1e+06
1,1177,9.99999999998423,1e+06
1,1178,9.99999999998425,1e+06
1,1179,9.99999999998426,1e+06
1,1180,9.99999999998427,1e+06
1,1181,9.99999999998428,1e+06
1,1182,9.99999999998429,1e+06
1,1183,9.9999999999843,1e+06
1,1184,9.99999999998431,1e+06
1,1185,9.99999999998432,1e+06
1,1186,9.99999999998433,1e+06
1,1187,9.99999999998434,1e+06
1,1188,9.99999999998435,1e+06
1,1189,9.99999999998436,1e+06
1,1190,9.99999999998437,1e+06
1,1191,9.99999999998438,1e+06
1,1192,9.99999999998439,1e+06
1,1193,9.9999999999844,1e+06
1,1194,9.99999999998441,1e+06
1,1195,9.99999999998442,1e+06
1,1196,9.99999999998444,1e+06
1,1197,9.99999999998445,1e+06
1,1198,9.99999999998446,1e+06
1,1199,9.99999999998447,1e+06
1,1200,9.99999999998448,1e+06
1,1201,9.99999999998449,1e+06
1,1202,9.9999999999845,1e+06
1,1203,9.99999999998451,1e+06
1,1204,9.99999999998452,1e+06
1,1205,9.99999999998453,1e+06
1,1206,9.99999999998454,1e+06
1,1207,9.99999999998455,1e+06
1,1208,9.99999999998456,1e+06
1,1209,9.99999999998457,1e+06
1,1210,9.99999999998458,1e+06
1,1211,9.99999999998459,1e+06
1,1212,9.9999999999846,1e+06
1,1213,9.99999999998461,1e+06
1,1214,9.99999999998463,1e+06
1,1215,9.99999999998464,1e+06
1,1216,9.99999999998465,1e+06
1,1217,9.99999999998466,1e+06
1,1218,9.99999999998467,1e+06
1,1219,9.99999999998468,1e+06
1,1220,9.99999999998469,1e+06
1,1221,9.9999999999847,1e+06
1,1222,9.99999999998471,1e+06
1,1223,9.99999999998472,1e+06
1,1224,9.99999999998473,1e+06
1,1225,9.99999999998474,1e+06
1,1226,9.99999999998475,1e+06
1,1227,9.99999999998476,1e+06
1,1228,9.99999999998477,1e+06
1,1229,9.99999999998479,1e+06
1,1230,9.9999999999848,1e+06
1,1231,9.99999999998481,1e+06
1,1232,9.99999999998482,1e+06
1,1233,9.99999999998483,1e+06
1,1234,9.99999999998484,1e+06
1,1235,9.99999999998485,1e+06
1,1236,9.99999999998486,1e+06
1,1237,9.99999999998487,1e+06
1,1238,9.99999999998488,1e+06
1,1239,9.99999999998489,1e+06
1,1240,9.9999999999849,1e+06
1,1241,9.99999999998491,1e+06
1,1242,9.99999999998492,1e+06
1,1243,9.99999999998493,1e+06
1,1244,9.99999999998494,1e+06
1,1245,9.99999999998495,1e+06
1,1246,9.99999999998496,1e+06
1,1247,9.99999999998498,1e+06
1,1248,9.99999999998499,1e+06
1,1249,9.999999999985,1e+06
1,1250,9.99999999998501,1e+06
1,1251,9.99999999998502,1e+06
1,1252,9.99999999998503,1e+06
1,1253,9.99999999998504,1e+06
1,1254,9.99999999998505,1e+06
1,1255,9.99999999998506,1e+06
1,1256,9.99999999998507,1e+06
1,1257,9.99999999998508,1e+06
1,1258,9.99999999998509,1e+06
1,1259,9.9999999999851,1e+06
1,1260,9.99999999998511,1e+06
1,1261,9.99999999998512,1e+06
1,1262,9.99999999998513,1e+06
1,1263,9.99999999998514,1e+06
1,1264,9.99999999998515,1e+06
1,1265,9.99999999998517,1e+06
1,1266,9.99999999998518,1e+06
1,1267,9.99999999998519,1e+06
1,1268,9.9999999999852,1e+06
1,1269,9.99999999998521,1e+06
1,1270,9.99999999998522,1e+06
1,1271,9.99999999998523,1e+06
1,1272,9.99999999998524,1e+06
1,1273,9.99999999998525,1e+06
1,1274,9.99999999998526,1e+06
1,1275,9.99999999998527,1e+06
1,1276,9.99999999998528,1e+06
1,1277,9.99999999998529,1e+06
1,1278,9.9999999999853,1e+06
1,1279,9.99999999998531,1e+06
1,1280,9.99999999998533,1e+06
1,1281,9.99999999998534,1e+06
1,1282,9.99999999998535,1e+06
1,1283,9.99999999998536,1e+06
1,1284,9.99999999998537,1e+06
1,1285,9.99999999998538,1e+06
1,1286,9.99999999998539,1e+06
1,1287,9.9999999999854,1e+06
1,1288,9.99999999998541,1e+06
1,1289,9.99999999998542,1e+06
1,1290,9.99999999998543,1e+06
1,1291,9.99999999998544,1e+06
1,1292,9.99999999998545,1e+06
1,1293,9.99999999998546,1e+06
1,1294,9.99999999998547,1e+06
1,1295,9.99999999998548,1e+06
1,1296,9.99999999998549,1e+06
1,1297,9.9999999999855,1e+06
1,1298,9.99999999998552,1e+06
1,1299,9.99999999998553,1e+06
1,1300,9.99999999998554,1e+06
1,1301,9.99999999998555,1e+06
1,1302,9.99999999998556,1e+06
1,1303,9.99999999998557,1e+06
1,1304,9.99999999998558,1e+06
1,1305,9.99999999998559,1e+06
1,1306,9.9999999999856,1e+06
1,1307,9.99999999998561,1e+06
1,1308,9.99999999998562,1e+06
1,1309,9.99999999998563,1e+06
1,1310,9.99999999998564,1e+06
1,1311,9.99999999998565,1e+06
1,1312,9.99999999998566,1e+06
1,1313,9.99999999998567,1e+06
1,1314,9.99999999998568,1e+06
1,1315,9.99999999998569,1e+06
1,1316,9.99999999998571,1e+06
1,1317,9.99999999998572,1e+06
1,1318,9.99999999998573,1e+06
1,1319,9.99999999998574,1e+06
1,1320,9.99999999998575,1e+06
1,1321,9.99999999998576,1e+06
1,1322,9.99999999998577,1e+06
1,1323,9.99999999998578,1e+06
1,1324,9.99999999998579,1e+06
1,1325,9.9999999999858,1e+06
1,1326,9.99999999998581,1e+06
1,1327,9.99999999998582,1e+06
1,1328,9.99999999998583,1e+06
1,1329,9.99999999998584,1e+06
1,1330,9.99999999998585,1e+06
1,1331,9.99999999998587,1e+06
1,1332,9.99999999998588,1e+06
1,1333,9.99999999998589,1e+06
1,1334,9.9999999999859,1e+06
1,1335,9.99999999998591,1e+06
1,1336,9.99999999998592,1e+06
1,1337,9.99999999998593,1e+06
1,1338,9.99999999998594,1e+06
1,1339,9.99999999998595,1e+06
1,1340,9.99999999998596,1e+06
1,1341,9.99999999998597,1e+06
1,1342,9.99999999998598,1e+06
1,1343,9.99999999998599,1e+06
1,1344,9.999999999986,1e+06
1,1345,9.99999999998601,1e+06
1,1346,9.99999999998602,1e+06
1,1347,9.99999999998603,1e+06
1,1348,9.99999999998604,1e+06
1,1349,9.99999999998606,1e+06
1,1350,9.99999999998607,1e+06
1,1351,9.99999999998608,1e+06
1,1352,9.99999999998609,1e+06
1,1353,9.9999999999861,1e+06
1,1354,9.99999999998611,1e+06
1,1355,9.99999999998612,1e+06
1,1356,9.99999999998613,1e+06
1,1357,9.99999999998614,1e+06
1,1358,9.99999999998615,1e+06
1,1359,9.99999999998616,1e+06
1,1360,9.99999999998617,1e+06
1,1361,9.99999999998618,1e+06
1,1362,9.99999999998619,1e+06
1,1363,9.9999999999862,1e+06
1,1364,9.99999999998621,1e+06
1,1365,9.99999999998622,1e+06
1,1366,9.99999999998624,1e+06
1,1367,9.99999999998625,1e+06
1,1368,9.99999999998626,1e+06
1,1369,9.99999999998627,1e+06
1,1370,9.99999999998628,1e+06
1,1371,9.99999999998629,1e+06
1,1372,9.9999999999863,1e+06
1,1373,9.99999999998631,1e+06
1,1374,9.99999999998632,1e+06
1,1375,9.99999999998633,1e+06
1,1376,9.99999999998634,1e+06
1,1377,9.99999999998635,1e+06
1,1378,9.99999999998636,1e+06
1,1379,9.99999999998637,1e+06
1,1380,9.99999999998638,1e+06
1,1381,9.99999999998639,1e+06
1,1382,9.99999999998641,1e+06
1,1383,9.99999999998642,1e+06
1,1384,9.99999999998643,1e+06
1,1385,9.99999999998644,1e+06
1,1386,9.99999999998645,1e+06
1,1387,9.99999999998646,1e+06
1,1388,9.99999999998647,1e+06
1,1389,9.99999999998648,1e+06
1,1390,9.99999999998649,1e+06
1,1391,9.9999999999865,1e+06
1,1392,9.99999999998651,1e+06
1,1393,9.99999999998652,1e+06
1,1394,9.99999999998653,1e+06
1,1395,9.99999999998654,1e+06
1,1396,9.99999999998655,1e+06
1,1397,9.99999999998656,1e+06
1,1398,9.99999999998657,1e+06
1,1399,9.99999999998658,1e+06
1,1400,9.9999999999866,1e+06
1,1401,9.99999999998661,1e+06
1,1402,9.99999999998662,1e+06
1,1403,9.99999999998663,1e+06
1,1404,9.99999999998664,1e+06
1,1405,9.99999999998665,1e+06
1,1406,9.99999999998666,1e+06
1,1407,9.99999999998667,1e+06
1,1408,9.99999999998668,1e+06
1,1409,9.99999999998669,1e+06
1,1410,9.9999999999867,1e+06
1,1411,9.99999999998671,1e+06
1,1412,9.99999999998672,1e+06
1,1413,9.99999999998673,1e+06
1,1414,9.99999999998674,1e+06
1,1415,9.99999999998675,1e+06
1,1416,9.99999999998676,1e+06
1,1417,9.99999999998678,1e+06
1,1418,9.99999999998679,1e+06
1,1419,9.9999999999868,1e+06
1,1420,9.99999999998681,1e+06
1,1421,9.99999999998682,1e+06
1,1422,9.99999999998683,1e+06
1,1423,9.99999999998684,1e+06
1,1424,9.99999999998685,1e+06
1,1425,9.99999999998686,1e+06
1,1426,9.99999999998687,1e+06
1,1427,9.99999999998688,1e+06
1,1428,9.99999999998689,1e+06
1,1429,9.9999999999869,1e+06
1,1430,9.99999999998691,1e+06
1,1431,9.99999999998692,1e+06
1,1432,9.99999999998693,1e+06
1,1433,9.99999999998695,1e+06
1,1434,9.99999999998696,1e+06
1,1435,9.99999999998697,1e+06
1,1436,9.99999999998698,1e+06
1,1437,9.99999999998699,1e+06
1,1438,9.999999999987,1e+06
1,1439,9.99999999998701,1e+06
1,1440,9.99999999998702,1e+06
2,0,10,100
2,1,9.11334845952263,100
2,2,8.39166452562926,100
2,3,7.8059294444049,100
2,4,7.33255501092581,100
2,5,6.95242544630713,100
2,6,6.65011382227865,100
2,7,6.41324018406977,100
2,8,6.23194311548549,100
2,9,6.09844095268631,100
2,10,6.00666205679782,100
2,11,5.95192629759264,100
2,12,5.93066250230675,100
2,13,5.94014947992997,100
2,14,5.97827194858082,100
2,15,6.0432870121945,100
2,16,6.13360259988242,100
2,17,6.24757500748044,100
2,18,6.38333786003978,100
2,19,6.53867741768709,100
2,20,6.71096805986309,100
2,21,6.89717605334246,100
2,22,7.09393050461937,100
2,23,7.29764975529826,100
2,24,7.50470284902326,100
2,25,7.71158111206871,100
2,26,7.91505594188104,100
2,27,8.11230428851842,100
2,28,8.3009915443836,100
2,29,8.47930947900944,100
2,30,8.64597379616144,100
2,31,8.80018972674377,100
2,32,8.94159578902808,100
2,33,9.07019543864454,100
2,34,9.1862848084322,100
2,35,9.29038261792268,100
2,36,9.38316631881545,100
2,37,9.46541673921449,100
2,38,9.5379720583649,100
2,39,9.60169104497678,100
2,40,9.65742482016373,100
2,41,9.70599611231017,100
2,42,9.74818482072261,100
2,43,9.78471873137582,100
2,44,9.81626830587706,100
2,45,9.84344458216845,100
2,46,9.86679938846647,100
2,47,9.88682721070137,100
2,48,9.9039681663672,100
2,49,9.91861168688761,100
2,50,9.93110057774115,100
2,51,9.94173522295095,100
2,52,9.95077776908268,100
2,53,9.95845616039214,100
2,54,9.96496795541377,100
2,55,9.97048387393414,100
2,56,9.97515104716807,100
2,57,9.97909596980215,100
2,58,9.9824271552919,100
2,59,9.98523750094036,100
2,60,9.98760638334802,100
2,61,9.98960151342207,100
2,62,9.99128055817639,100
2,63,9.99269255695974,100
2,64,9.99387915572035,100
2,65,9.99487567583649,100
2,66,9.99571203929848,100
2,67,9.99641356478557,100
2,68,9.99700165558019,100
2,69,9.99749438543241,100
2,70,9.99790700277954,100
2,71,9.99825236057927,100
2,72,9.99854128691129,100
2,73,9.99878289122,100
2,74,9.99898483021189,100
2,75,9.99915355131307,100
2,76,9.99929445991205,100
2,77,9.99941209712446,100
2,78,9.99951027091088,100
2,79,9.99959216908716,100
2,80,9.99966046830012,100
2,81,9.99971740713945,100
2,82,9.99976485629455,100
2,83,9.99980439255309,100
2,84,9.99983732113567,100
2,85,9.99986474010581,100
2,86,9.99988756365641,100
2,87,9.99990655657333,100
2,88,9.99992235918069,100
2,89,9.99993550267547,100
2,90,9.99994643304204,100
2,91,9.99995551929273,100
2,92,9.99996307093293,100
2,93,9.99996934608659,100
2,94,9.9999745635387,100
2,95,9.99997890143326,100
2,96,9.9999824987833,100
2,97,9.99998548533204,100
2,98,9.99998796184638,100
2,99,9.99999001537201,100
2,100,9.99999172068434,100
2,101,9.99999313749207,100
2,102,9.99999431065534,100
2,103,9.99999528398741,100
2,104,9.99999608998686,100
2,105,9.9999967588603,100
2,106,9.99999731269977,100
2,107,9.99999777298229,100
2,108,9.99999815636499,100
2,109,9.99999847359464,100
2,110,9.9999987435711,100
2,111,9.99999895528257,100
2,112,9.99999913618776,100
2,113,9.99999928965101,100
2,114,9.99999941641929,100
2,115,9.99999951723883,100
2,116,9.99999960080589,100
2,117,9.99999966961401,100
2,118,9.99999972396849,100
2,119,9.99999976925855,100
2,120,9.99999980746066,100
2,121,9.99999983864608,100
2,122,9.99999986495424,100
2,123,9.99999988738541,100
2,124,9.99999990595377,100
2,125,9.99999992159345,100
2,126,9.99999993486694,100
2,127,9.99999994577619,100
2,128,9.99999995486185,100
2,129,9.9999999625477,100
2,130,9.99999996883375,100
2,131,9.99999997402062,100
2,132,9.99999997842125,100
2,133,9.99999998203567,100
2,134,9.99999998502166,100
2,135,9.99999998755903,100
2,136,9.99999998964797,100
2,137,9.99999999137261,100
2,138,9.99999999283768,100
2,139,9.99999999404347,100
2,140,9.99999999503654,100
2,141,9.99999999588002,100
2,142,9.99999999657425,100
2,143,9.99999999758245,100
2,144,9.99999999855245,100
2,145,9.99999999943014,100
2,146,10.0000000002155,100
2,147,10.0000000009086,100
2,148,10.0000000015094,100
2,149,10.0000000020179,100
2,150,10.0000000024341,100
2,151,10.000000002758,100
2,152,10.0000000029896,100
2,153,10.0000000031288,100
2,154,10.0000000031758,100
2,155,10.0000000031305,100
2,156,10.0000000029929,100
2,157,10.000000002763,100
2,158,10.0000000024408,100
2,159,10.0000000020262,100
2,160,10.0000000018361,100
2,161,10.0000000019228,100
2,162,10.0000000019879,100
2,163,10.0000000020314,100
2,164,10.0000000020534,100
2,165,10.0000000020538,100
2,166,10.0000000020326,100
2,167,10.0000000019899,100
2,168,10.0000000019256,100
2,169,10.0000000018397,100
2,170,10.0000000017323,100
2,171,10.0000000016033,100
2,172,10.0000000014527,100
2,173,10.0000000012805,100
2,174,10.0000000010868,100
2,175,10.0000000008716,100
2,176,10.0000000006347,100
2,177,10.0000000000327,100
2,178,10.0000000000176,100
2,179,10.0000000000024,100
2,180,9.99999999998726,100
2,181,9.9999999999721,100
2,182,9.99999999995695,100
2,183,9.99999999994179,100
2,184,9.99999999992664,100
2,185,9.99999999991148,100
2,186,9.99999999989633,100
2,187,9.99999999988117,100
2,188,9.99999999986602,100
2,189,9.99999999985086,100
2,190,9.99999999983571,100
2,191,9.99999999982056,100
2,192,9.9999999998054,100
2,193,9.99999999979025,100
2,194,9.99999999977509,100
2,195,9.99999999977005,100
2,196,9.9999999997689,100
2,197,9.99999999976776,100
2,198,9.99999999976662,100
2,199,9.99999999976548,100
2,200,9.99999999976434,100
2,201,9.9999999997632,100
2,202,9.99999999976206,100
2,203,9.99999999976091,100
2,204,9.99999999975977,100
2,205,9.99999999975863,100
2,206,9.99999999975749,100
2,207,9.99999999975635,100
2,208,9.9999999997552,100
2,209,9.99999999975406,100
2,210,9.99999999975292,100
2,211,9.99999999975178,100
2,212,9.99999999975064,100
2,213,9.9999999997495,100
2,214,9.99999999974835,100
2,215,9.99999999974721,100
2,216,9.99999999974607,100
2,217,9.99999999974493,100
2,218,9.99999999974379,100
2,219,9.99999999974264,100
2,220,9.9999999997415,100
2,221,9.99999999974036,100
2,222,9.99999999973922,100
2,223,9.99999999973808,100
2,224,9.99999999973694,100
2,225,9.9999999997358,100
2,226,9.99999999973465,100
2,227,9.99999999973351,100
2,228,9.99999999973237,100
2,229,9.99999999973123,100
2,230,9.99999999973009,100
2,231,9.99999999972895,100
2,232,9.9999999997278,100
2,233,9.99999999972666,100
2,234,9.99999999972552,100
2,235,9.99999999972438,100
2,236,9.99999999972324,100
2,237,9.99999999972209,100
2,238,9.99999999972095,100
2,239,9.99999999971981,100
2,240,9.99999999971867,100
2,241,9.99999999971753,100
2,242,9.99999999971639,100
2,243,9.99999999971524,100
2,244,9.9999999997141,100
2,245,9.99999999971296,100
2,246,9.99999999971182,100
2,247,9.99999999971068,100
2,248,9.99999999970954,100
2,249,9.99999999970839,100
2,250,9.99999999970725,100
2,251,9.99999999970611,100
2,252,9.99999999970497,100
2,253,9.99999999970383,100
2,254,9.99999999970269,100
2,255,9.99999999970154,100
2,256,9.9999999997004,100
2,257,9.99999999969926,100
2,258,9.99999999969812,100
2,259,9.99999999969698,100
2,260,9.99999999969583,100
2,261,9.99999999969469,100
2,262,9.99999999969355,100
2,263,9.99999999969241,100
2,264,9.99999999969127,100
2,265,9.99999999969013,100
2,266,9.99999999968898,100
2,267,9.99999999968784,100
2,268,9.9999999996867,100
2,269,9.99999999968556,100
2,270,9.99999999968442,100
2,271,9.99999999968328,100
2,272,9.99999999968214,100
2,273,9.99999999968099,100
2,274,9.99999999967985,100
2,275,9.99999999967871,100
2,276,9.99999999967757,100
2,277,9.99999999967643,100
2,278,9.99999999967528,100
2,279,9.99999999967414,100
2,280,9.999999999673,100
2,281,9.99999999967186,100
2,282,9.99999999967072,100
2,283,9.99999999966958,100
2,284,9.99999999966843,100
2,285,9.99999999966729,100
2,286,9.99999999966615,100
2,287,9.99999999966501,100
2,288,9.99999999966387,100
2,289,9.99999999966272,100
2,290,9.99999999966158,100
2,291,9.99999999966044,100
2,292,9.9999999996593,100
2,293,9.99999999965816,100
2,294,9.99999999965702,100
2,295,9.99999999965588,100
2,296,9.99999999965473,100
2,297,9.99999999965359,100
2,298,9.99999999965245,100
2,299,9.99999999965131,100
2,300,9.99999999965017,100
2,301,9.99999999964902,100
2,302,9.99999999964788,100
2,303,9.99999999964674,100
2,304,9.9999999996456,100
2,305,9.99999999964446,100
2,306,9.99999999964332,100
2,307,9.99999999964217,100
2,308,9.99999999964103,100
2,309,9.99999999963989,100
2,310,9.99999999963875,100
2,311,9.99999999963761,100
2,312,9.99999999963647,100
2,313,9.99999999963532,100
2,314,9.99999999963418,100
2,315,9.99999999963304,100
2,316,9.9999999996319,100
2,317,9.99999999963076,100
2,318,9.99999999962962,100
2,319,9.99999999962847,100
2,320,9.99999999962733,100
2,321,9.99999999962619,100
2,322,9.99999999962505,100
2,323,9.99999999962391,100
2,324,9.99999999962277,100
2,325,9.99999999962162,100
2,326,9.99999999962048,100
2,327,9.99999999961934,100
2,328,9.9999999996182,100
2,329,9.99999999961706,100
2,330,9.99999999961591,100
2,331,9.99999999961477,100
2,332,9.99999999961363,100
2,333,9.99999999961249,100
2,334,9.99999999961135,100
2,335,9.99999999961021,100
2,336,9.99999999960906,100
2,337,9.99999999960792,100
2,338,9.99999999960678,100
2,339,9.99999999960564,100
2,340,9.9999999996045,100
2,341,9.99999999960336,100
2,342,9.99999999960221,100
2,343,9.99999999960107,100
2,344,9.99999999959993,100
2,345,9.99999999959879,100
2,346,9.99999999959765,100
2,347,9.99999999959651,100
2,348,9.99999999959536,100
2,349,9.99999999959422,100
2,350,9.99999999959308,100
2,351,9.99999999959194,100
2,352,9.9999999995908,100
2,353,9.99999999958965,100
2,354,9.99999999958851,100
2,355,9.99999999958737,100
2,356,9.99999999958623,100
2,357,9.99999999958509,100
2,358,9.99999999958395,100
2,359,9.9999999995828,100
2,360,9.99999999958166,100
2,361,9.99999999958052,100
2,362,9.99999999957938,100
2,363,9.99999999957824,100
2,364,9.9999999995771,100
2,365,9.99999999957596,100
2,366,9.99999999957481,100
2,367,9.99999999957367,100
2,368,9.99999999957253,100
2,369,9.99999999957425,100
2,370,9.99999999957658,100
2,371,9.9999999995789,100
2,372,9.99999999958122,100
2,373,9.99999999958354,100
2,374,9.99999999958587,100
2,375,9.99999999958819,100
2,376,9.99999999959051,100
2,377,9.99999999959283,100
2,378,9.99999999959516,100
2,379,9.99999999959748,100
2,380,9.9999999995998,100
2,381,9.99999999960213,100
2,382,9.99999999960445,100
2,383,9.99999999960677,100
2,384,9.99999999960909,100
2,385,9.99999999961142,100
2,386,9.99999999961374,100
2,387,9.99999999961606,100
2,388,9.99999999961839,100
2,389,9.99999999962071,100
2,390,9.99999999962303,100
2,391,9.99999999962536,100
2,392,9.99999999962768,100
2,393,9.99999999963,100
2,394,9.99999999963232,100
2,395,9.99999999963465,100
2,396,9.99999999963697,100
2,397,9.99999999963929,100
2,398,9.99999999964162,100
2,399,9.99999999964394,100
2,400,9.99999999964626,100
2,401,9.99999999964859,100
2,402,9.99999999965091,100
2,403,9.99999999965323,100
2,404,9.99999999965555,100
2,405,9.99999999965788,100
2,406,9.9999999996602,100
2,407,9.99999999966252,100
2,408,9.99999999966484,100
2,409,9.99999999966717,100
2,410,9.99999999966949,100
2,411,9.99999999967181,100
2,412,9.99999999967414,100
2,413,9.99999999967646,100
2,414,9.99999999967878,100
2,415,9.9999999996811,100
2,416,9.99999999968343,100
2,417,9.99999999968575,100
2,418,9.99999999968807,100
2,419,9.9999999996904,100
2,420,9.99999999969272,100
2,421,9.99999999969504,100
2,422,9.99999999969737,100
2,423,9.99999999969969,100
2,424,9.99999999970201,100
2,425,9.99999999970433,100
2,426,9.99999999970666,100
2,427,9.99999999970898,100
2,428,9.9999999997113,100
2,429,9.99999999971363,100
2,430,9.99999999971595,100
2,431,9.99999999971827,100
2,432,9.9999999997206,100
2,433,9.99999999972292,100
2,434,9.99999999972524,100
2,435,9.99999999972756,100
2,436,9.99999999972989,100
2,437,9.99999999973221,100
2,438,9.99999999973453,100
2,439,9.99999999973685,100
2,440,9.99999999973918,100
2,441,9.9999999997415,100
2,442,9.99999999974382,100
2,443,9.99999999974615,100
2,444,9.99999999974847,100
2,445,9.99999999975079,100
2,446,9.99999999975311,100
2,447,9.99999999975544,100
2,448,9.99999999975776,100
2,449,9.99999999976008,100
2,450,9.99999999976241,100
2,451,9.99999999976473,100
2,452,9.99999999976705,100
2,453,9.99999999976938,100
2,454,9.9999999997717,100
2,455,9.99999999977402,100
2,456,9.99999999977634,100
2,457,9.99999999977867,100
2,458,9.99999999978099,100
2,459,9.99999999978331,100
2,460,9.99999999978564,100
2,461,9.99999999978796,100
2,462,9.99999999979028,100
2,463,9.99999999979261,100
2,464,9.99999999979493,100
2,465,9.99999999979725,100
2,466,9.99999999979957,100
2,467,9.9999999998019,100
2,468,9.99999999980422,100
2,469,9.99999999980654,100
2,470,9.99999999980886,100
2,471,9.99999999981119,100
2,472,9.99999999981351,100
2,473,9.99999999981583,100
2,474,9.99999999981816,100
2,475,9.99999999982048,100
2,476,9.9999999998228,100
2,477,9.99999999982512,100
2,478,9.99999999982745,100
2,479,9.99999999982977,100
2,480,9.99999999983209,100
2,481,9.99999999983442,100
2,482,9.99999999983674,100
2,483,9.99999999983906,100
2,484,9.99999999984139,100
2,485,9.99999999984371,100
2,486,9.99999999984603,100
2,487,9.99999999984835,100
2,488,9.99999999985068,100
2,489,9.999999999853,100
2,490,9.99999999985532,100
2,491,9.99999999985765,100
2,492,9.99999999985997,100
2,493,9.99999999986229,100
2,494,9.99999999986461,100
2,495,9.99999999986694,100
2,496,9.99999999986926,100
2,497,9.99999999987158,100
2,498,9.99999999987391,100
2,499,9.99999999987623,100
2,500,9.99999999987855,100
2,501,9.99999999988088,100
2,502,9.9999999998832,100
2,503,9.99999999988552,100
2,504,9.99999999988784,100
2,505,9.99999999989017,100
2,506,9.99999999989249,100
2,507,9.99999999989481,100
2,508,9.99999999989713,100
2,509,9.99999999989946,100
2,510,9.99999999990178,100
2,511,9.9999999999041,100
2,512,9.99999999990643,100
2,513,9.99999999990875,100
2,514,9.99999999991107,100
2,515,9.9999999999134,100
2,516,9.99999999991572,100
2,517,9.99999999991804,100
2,518,9.99999999992036,100
2,519,9.99999999992269,100
2,520,9.99999999992501,100
2,521,9.99999999992733,100
2,522,9.99999999992966,100
2,523,9.99999999993198,100
2,524,9.9999999999343,100
2,525,9.99999999993662,100
2,526,9.99999999993895,100
2,527,9.99999999994127,100
2,528,9.99999999994359,100
2,529,9.99999999994592,100
2,530,9.99999999994824,100
2,531,9.99999999995056,100
2,532,9.99999999995289,100
2,533,9.99999999995521,100
2,534,9.99999999995753,100
2,535,9.99999999995985,100
2,536,9.99999999996218,100
2,537,9.9999999999645,100
2,538,9.99999999996682,100
2,539,9.99999999996914,100
2,540,9.99999999997147,100
2,541,9.99999999997379,100
2,542,9.99999999997611,100
2,543,9.99999999997629,100
2,544,9.9999999999763,100
2,545,9.99999999997631,100
2,546,9.99999999997632,100
2,547,9.99999999997633,100
2,548,9.99999999997634,100
2,549,9.99999999997635,100
2,550,9.99999999997637,100
2,551,9.99999999997638,100
2,552,9.99999999997639,100
2,553,9.9999999999764,100
2,554,9.99999999997641,100
2,555,9.99999999997642,100
2,556,9.99999999997644,100
2,557,9.99999999997645,100
2,558,9.99999999997646,100
2,559,9.99999999997647,100
2,560,9.99999999997648,100
2,561,9.99999999997649,100
2,562,9.99999999997651,100
2,563,9.99999999997652,100
2,564,9.99999999997653,100
2,565,9.99999999997654,100
2,566,9.99999999997655,100
2,567,9.99999999997656,100
2,568,9.99999999997658,100
2,569,9.99999999997659,100
2,570,9.9999999999766,100
2,571,9.99999999997661,100
2,572,9.99999999997662,100
2,573,9.99999999997663,100
2,574,9.99999999997664,100
2,575,9.99999999997666,100
2,576,9.99999999997667,100
2,577,9.99999999997668,100
2,578,9.99999999997669,100
2,579,9.9999999999767,100
2,580,9.99999999997672,100
2,581,9.99999999997673,100
2,582,9.99999999997674,100
2,583,9.99999999997675,100
2,584,9.99999999997676,100
2,585,9.99999999997677,100
2,586,9.99999999997678,100
2,587,9.9999999999768,100
2,588,9.99999999997681,100
2,589,9.99999999997682,100
2,590,9.99999999997683,100
2,591,9.99999999997684,100
2,592,9.99999999997685,100
2,593,9.99999999997686,100
2,594,9.99999999997688,100
2,595,9.99999999997689,100
2,596,9.9999999999769,100
2,597,9.99999999997691,100
2,598,9.99999999997692,100
2,599,9.99999999997694,100
2,600,9.99999999997695,100
2,601,9.99999999997696,100
2,602,9.99999999997697,100
2,603,9.99999999997698,100
2,604,9.99999999997699,100
2,605,9.99999999997701,100
2,606,9.99999999997702,100
2,607,9.99999999997703,100
2,608,9.99999999997704,100
2,609,9.99999999997705,100
2,610,9.99999999997706,100
2,611,9.99999999997707,100
2,612,9.99999999997709,100
2,613,9.9999999999771,100
2,614,9.99999999997711,100
2,615,9.99999999997712,100
2,616,9.99999999997713,100
2,617,9.99999999997714,100
2,618,9.99999999997716,100
2,619,9.99999999997717,100
2,620,9.99999999997718,100
2,621,9.99999999997719,100
2,622,9.9999999999772,100
2,623,9.99999999997721,100
2,624,9.99999999997723,100
2,625,9.99999999997724,100
2,626,9.99999999997725,100
2,627,9.99999999997726,100
2,628,9.99999999997727,100
2,629,9.99999999997728,100
2,630,9.99999999997729,100
2,631,9.99999999997731,100
2,632,9.99999999997732,100
2,633,9.99999999997733,100
2,634,9.99999999997734,100
2,635,9.99999999997735,100
2,636,9.99999999997737,100
2,637,9.99999999997738,100
2,638,9.99999999997739,100
2,639,9.9999999999774,100
2,640,9.99999999997741,100
2,641,9.99999999997742,100
2,642,9.99999999997743,100
2,643,9.99999999997745,100
2,644,9.99999999997746,100
2,645,9.99999999997747,100
2,646,9.99999999997748,100
2,647,9.99999999997749,100
2,648,9.9999999999775,100
2,649,9.99999999997752,100
2,650,9.99999999997753,100
2,651,9.99999999997754,100
2,652,9.99999999997755,100
2,653,9.99999999997756,100
2,654,9.99999999997757,100
2,655,9.99999999997759,100
2,656,9.9999999999776,100
2,657,9.99999999997761,100
2,658,9.99999999997762,100
2,659,9.99999999997763,100
2,660,9.99999999997764,100
2,661,9.99999999997766,100
2,662,9.99999999997767,100
2,663,9.99999999997768,100
2,664,9.99999999997769,100
2,665,9.9999999999777,100
2,666,9.99999999997771,100
2,667,9.99999999997772,100
2,668,9.99999999997774,100
2,669,9.99999999997775,100
2,670,9.99999999997776,100
2,671,9.99999999997777,100
2,672,9.99999999997778,100
2,673,9.99999999997779,100
2,674,9.99999999997781,100
2,675,9.99999999997782,100
2,676,9.99999999997783,100
2,677,9.99999999997784,100
2,678,9.99999999997785,100
2,679,9.99999999997786,100
2,680,9.99999999997788,100
2,681,9.99999999997789,100
2,682,9.9999999999779,100
2,683,9.99999999997791,100
2,684,9.99999999997792,100
2,685,9.99999999997793,100
2,686,9.99999999997794,100
2,687,9.99999999997796,100
2,688,9.99999999997797,100
2,689,9.99999999997798,100
2,690,9.99999999997799,100
2,691,9.999999999978,100
2,692,9.99999999997802,100
2,693,9.99999999997803,100
2,694,9.99999999997804,100
2,695,9.99999999997805,100
2,696,9.99999999997806,100
2,697,9.99999999997807,100
2,698,9.99999999997809,100
2,699,9.9999999999781,100
2,700,9.99999999997811,100
2,701,9.99999999997812,100
2,702,9.99999999997813,100
2,703,9.99999999997814,100
2,704,9.99999999997815,100
2,705,9.99999999997817,100
2,706,9.99999999997818,100
2,707,9.99999999997819,100
2,708,9.9999999999782,100
2,709,9.99999999997821,100
2,710,9.99999999997822,100
2,711,9.99999999997824,100
2,712,9.99999999997825,100
2,713,9.99999999997826,100
2,714,9.99999999997827,100
2,715,9.99999999997828,100
2,716,9.99999999997829,100
2,717,9.99999999997831,100
2,718,9.99999999997832,100
2,719,9.99999999997833,100
2,720,9.99999999997834,100
2,721,9.99999999997835,100
2,722,9.99999999997836,100
2,723,9.99999999997837,100
2,724,9.99999999997839,100
2,725,9.9999999999784,100
2,726,9.99999999997841,100
2,727,9.99999999997842,100
2,728,9.99999999997843,100
2,729,9.99999999997844,100
2,730,9.99999999997846,100
2,731,9.99999999997847,100
2,732,9.99999999997848,100
2,733,9.99999999997849,100
2,734,9.9999999999785,100
2,735,9.99999999997851,100
2,736,9.99999999997853,100
2,737,9.99999999997854,100
2,738,9.99999999997855,100
2,739,9.99999999997856,100
2,740,9.99999999997857,100
2,741,9.99999999997858,100
2,742,9.99999999997859,100
2,743,9.99999999997861,100
2,744,9.99999999997862,100
2,745,9.99999999997863,100
2,746,9.99999999997864,100
2,747,9.99999999997865,100
2,748,9.99999999997867,100
2,749,9.99999999997868,100
2,750,9.99999999997869,100
2,751,9.9999999999787,100
2,752,9.99999999997871,100
2,753,9.99999999997872,100
2,754,9.99999999997874,100
2,755,9.99999999997875,100
2,756,9.99999999997876,100
2,757,9.99999999997877,100
2,758,9.99999999997878,100
2,759,9.99999999997879,100
2,760,9.9999999999788,100
2,761,9.99999999997882,100
2,762,9.99999999997883,100
2,763,9.99999999997884,100
2,764,9.99999999997885,100
2,765,9.99999999997886,100
2,766,9.99999999997887,100
2,767,9.99999999997889,100
2,768,9.9999999999789,100
2,769,9.99999999997891,100
2,770,9.99999999997892,100
2,771,9.99999999997893,100
2,772,9.99999999997894,100
2,773,9.99999999997896,100
2,774,9.99999999997897,100
2,775,9.99999999997898,100
2,776,9.99999999997899,100
2,777,9.999999999979,100
2,778,9.99999999997901,100
2,779,9.99999999997902,100
2,780,9.99999999997904,100
2,781,9.99999999997905,100
2,782,9.99999999997906,100
2,783,9.99999999997907,100
2,784,9.99999999997908,100
2,785,9.99999999997909,100
2,786,9.99999999997911,100
2,787,9.99999999997912,100
2,788,9.99999999997913,100
2,789,9.99999999997914,100
2,790,9.99999999997915,100
2,791,9.99999999997917,100
2,792,9.99999999997918,100
2,793,9.99999999997919,100
2,794,9.9999999999792,100
2,795,9.99999999997921,100
2,796,9.99999999997922,100
2,797,9.99999999997923,100
2,798,9.99999999997925,100
2,799,9.99999999997926,100
2,800,9.99999999997927,100
2,801,9.99999999997928,100
2,802,9.99999999997929,100
2,803,9.9999999999793,100
2,804,9.99999999997932,100
2,805,9.99999999997933,100
2,806,9.99999999997934,100
2,807,9.99999999997935,100
2,808,9.99999999997936,100
2,809,9.99999999997937,100
2,810,9.99999999997939,100
2,811,9.9999999999794,100
2,812,9.99999999997941,100
2,813,9.99999999997942,100
2,814,9.99999999997943,100
2,815,9.99999999997944,100
2,816,9.99999999997945,100
2,817,9.99999999997947,100
2,818,9.99999999997948,100
2,819,9.99999999997949,100
2,820,9.9999999999795,100
2,821,9.99999999997951,100
2,822,9.99999999997952,100
2,823,9.99999999997954,100
2,824,9.99999999997955,100
2,825,9.99999999997956,100
2,826,9.99999999997957,100
2,827,9.99999999997958,100
2,828,9.99999999997959,100
2,829,9.99999999997961,100
2,830,9.99999999997962,100
2,831,9.99999999997963,100
2,832,9.99999999997964,100
2,833,9.99999999997965,100
2,834,9.99999999997966,100
2,835,9.99999999997967,100
2,836,9.99999999997969,100
2,837,9.9999999999797,100
2,838,9.99999999997971,100
2,839,9.99999999997972,100
2,840,9.99999999997973,100
2,841,9.99999999997975,100
2,842,9.99999999997976,100
2,843,9.99999999997977,100
2,844,9.99999999997978,100
2,845,9.99999999997979,100
2,846,9.9999999999798,100
2,847,9.99999999997982,100
2,848,9.99999999997983,100
2,849,9.99999999997984,100
2,850,9.99999999997985,100
2,851,9.99999999997986,100
2,852,9.99999999997987,100
2,853,9.99999999997988,100
2,854,9.9999999999799,100
2,855,9.99999999997991,100
2,856,9.99999999997992,100
2,857,9.99999999997993,100
2,858,9.99999999997994,100
2,859,9.99999999997995,100
2,860,9.99999999997997,100
2,861,9.99999999997998,100
2,862,9.99999999997999,100
2,863,9.99999999998,100
2,864,9.99999999998001,100
2,865,9.99999999998002,100
2,866,9.99999999998004,100
2,867,9.99999999998005,100
2,868,9.99999999998006,100
2,869,9.99999999998007,100
2,870,9.99999999998008,100
2,871,9.99999999998009,100
2,872,9.9999999999801,100
2,873,9.99999999998012,100
2,874,9.99999999998013,100
2,875,9.99999999998014,100
2,876,9.99999999998015,100
2,877,9.99999999998016,100
2,878,9.99999999998017,100
2,879,9.99999999998019,100
2,880,9.9999999999802,100
2,881,9.99999999998021,100
2,882,9.99999999998022,100
2,883,9.99999999998023,100
2,884,9.99999999998025,100
2,885,9.99999999998026,100
2,886,9.99999999998027,100
2,887,9.99999999998028,100
2,888,9.99999999998029,100
2,889,9.9999999999803,100
2,890,9.99999999998031,100
2,891,9.99999999998033,100
2,892,9.99999999998034,100
2,893,9.99999999998035,100
2,894,9.99999999998036,100
2,895,9.99999999998037,100
2,896,9.99999999998038,100
2,897,9.9999999999804,100
2,898,9.99999999998041,100
2,899,9.99999999998042,100
2,900,9.99999999998043,100
2,901,9.99999999998044,100
2,902,9.99999999998045,100
2,903,9.99999999998047,100
2,904,9.99999999998048,100
2,905,9.99999999998049,100
2,906,9.9999999999805,100
2,907,9.99999999998051,100
2,908,9.99999999998052,100
2,909,9.99999999998053,100
2,910,9.99999999998055,100
2,911,9.99999999998056,100
2,912,9.99999999998057,100
2,913,9.99999999998058,100
2,914,9.99999999998059,100
2,915,9.9999999999806,100
2,916,9.99999999998062,100
2,917,9.99999999998063,100
2,918,9.99999999998064,100
2,919,9.99999999998065,100
2,920,9.99999999998066,100
2,921,9.99999999998067,100
2,922,9.99999999998069,100
2,923,9.9999999999807,100
2,924,9.99999999998071,100
2,925,9.99999999998072,100
2,926,9.99999999998073,100
2,927,9.99999999998074,100
2,928,9.99999999998075,100
2,929,9.99999999998077,100
2,930,9.99999999998078,100
2,931,9.99999999998079,100
2,932,9.9999999999808,100
2,933,9.99999999998081,100
2,934,9.99999999998082,100
2,935,9.99999999998084,100
2,936,9.99999999998085,100
2,937,9.99999999998086,100
2,938,9.99999999998087,100
2,939,9.99999999998088,100
2,940,9.9999999999809,100
2,941,9.99999999998091,100
2,942,9.99999999998092,100
2,943,9.99999999998093,100
2,944,9.99999999998094,100
2,945,9.99999999998095,100
2,946,9.99999999998096,100
2,947,9.99999999998098,100
2,948,9.99999999998099,100
2,949,9.999999999981,100
2,950,9.99999999998101,100
2,951,9.99999999998102,100
2,952,9.99999999998103,100
2,953,9.99999999998105,100
2,954,9.99999999998106,100
2,955,9.99999999998107,100
2,956,9.99999999998108,100
2,957,9.99999999998109,100
2,958,9.9999999999811,100
2,959,9.99999999998112,100
2,960,9.99999999998113,100
2,961,9.99999999998114,100
2,962,9.99999999998115,100
2,963,9.99999999998116,100
2,964,9.99999999998117,100
2,965,9.99999999998118,100
2,966,9.9999999999812,100
2,967,9.99999999998121,100
2,968,9.99999999998122,100
2,969,9.99999999998123,100
2,970,9.99999999998124,100
2,971,9.99999999998125,100
2,972,9.99999999998127,100
2,973,9.99999999998128,100
2,974,9.99999999998129,100
2,975,9.9999999999813,100
2,976,9.99999999998131,100
2,977,9.99999999998132,100
2,978,9.99999999998134,100
2,979,9.99999999998135,100
2,980,9.99999999998136,100
2,981,9.99999999998137,100
2,982,9.99999999998138,100
2,983,9.99999999998139,100
2,984,9.99999999998141,100
2,985,9.99999999998142,100
2,986,9.99999999998143,100
2,987,9.99999999998144,100
2,988,9.99999999998145,100
2,989,9.99999999998146,100
2,990,9.99999999998147,100
2,991,9.99999999998149,100
2,992,9.9999999999815,100
2,993,9.99999999998151,100
2,994,9.99999999998152,100
2,995,9.99999999998153,100
2,996,9.99999999998155,100
2,997,9.99999999998156,100
2,998,9.99999999998157,100
2,999,9.99999999998158,100
2,1000,9.99999999998159,100
2,1001,9.9999999999816,100
2,1002,9.99999999998161,100
2,1003,9.99999999998163,100
2,1004,9.99999999998164,100
2,1005,9.99999999998165,100
2,1006,9.99999999998166,100
2,1007,9.99999999998167,100
2,1008,9.99999999998168,100
2,1009,9.9999999999817,100
2,1010,9.99999999998171,100
2,1011,9.99999999998172,100
2,1012,9.99999999998173,100
2,1013,9.99999999998174,100
2,1014,9.99999999998175,100
2,1015,9.99999999998177,100
2,1016,9.99999999998178,100
2,1017,9.99999999998179,100
2,1018,9.9999999999818,100
2,1019,9.99999999998181,100
2,1020,9.99999999998182,100
2,1021,9.99999999998183,100
2,1022,9.99999999998185,100
2,1023,9.99999999998186,100
2,1024,9.99999999998187,100
2,1025,9.99999999998188,100
2,1026,9.99999999998189,100
2,1027,9.9999999999819,100
2,1028,9.99999999998192,100
2,1029,9.99999999998193,100
2,1030,9.99999999998194,100
2,1031,9.99999999998195,100
2,1032,9.99999999998196,100
2,1033,9.99999999998197,100
2,1034,9.99999999998199,100
2,1035,9.999999999982,100
2,1036,9.99999999998201,100
2,1037,9.99999999998202,100
2,1038,9.99999999998203,100
2,1039,9.99999999998204,100
2,1040,9.99999999998206,100
2,1041,9.99999999998207,100
2,1042,9.99999999998208,100
2,1043,9.99999999998209,100
2,1044,9.9999999999821,100
2,1045,9.99999999998211,100
2,1046,9.99999999998212,100
2,1047,9.99999999998214,100
2,1048,9.99999999998215,100
2,1049,9.99999999998216,100
2,1050,9.99999999998217,100
2,1051,9.99999999998218,100
2,1052,9.9999999999822,100
2,1053,9.99999999998221,100
2,1054,9.99999999998222,100
2,1055,9.99999999998223,100
2,1056,9.99999999998224,100
2,1057,9.99999999998225,100
2,1058,9.99999999998226,100
2,1059,9.99999999998228,100
2,1060,9.99999999998229,100
2,1061,9.9999999999823,100
2,1062,9.99999999998231,100
2,1063,9.99999999998232,100
2,1064,9.99999999998233,100
2,1065,9.99999999998235,100
2,1066,9.99999999998236,100
2,1067,9.99999999998237,100
2,1068,9.99999999998238,100
2,1069,9.99999999998239,100
2,1070,9.9999999999824,100
2,1071,9.99999999998242,100
2,1072,9.99999999998243,100
2,1073,9.99999999998244,100
2,1074,9.99999999998245,100
2,1075,9.99999999998246,100
2,1076,9.99999999998247,100
2,1077,9.99999999998249,100
2,1078,9.9999999999825,100
2,1079,9.99999999998251,100
2,1080,9.99999999998252,100
2,1081,9.99999999998253,100
2,1082,9.99999999998254,100
2,1083,9.99999999998255,100
2,1084,9.99999999998257,100
2,1085,9.99999999998258,100
2,1086,9.99999999998259,100
2,1087,9.9999999999826,100
2,1088,9.99999999998261,100
2,1089,9.99999999998263,100
2,1090,9.99999999998264,100
2,1091,9.99999999998265,100
2,1092,9.99999999998266,100
2,1093,9.99999999998267,100
2,1094,9.99999999998268,100
2,1095,9.99999999998269,100
2,1096,9.99999999998271,100
2,1097,9.99999999998272,100
2,1098,9.99999999998273,100
2,1099,9.99999999998274,100
2,1100,9.99999999998275,100
2,1101,9.99999999998276,100
2,1102,9.99999999998278,100
2,1103,9.99999999998279,100
2,1104,9.9999999999828,100
2,1105,9.99999999998281,100
2,1106,9.99999999998282,100
2,1107,9.99999999998283,100
2,1108,9.99999999998285,100
2,1109,9.99999999998286,100
2,1110,9.99999999998287,100
2,1111,9.99999999998288,100
2,1112,9.99999999998289,100
2,1113,9.9999999999829,100
2,1114,9.99999999998291,100
2,1115,9.99999999998293,100
2,1116,9.99999999998294,100
2,1117,9.99999999998295,100
2,1118,9.99999999998296,100
2,1119,9.99999999998297,100
2,1120,9.99999999998298,100
2,1121,9.999999999983,100
2,1122,9.99999999998301,100
2,1123,9.99999999998302,100
2,1124,9.99999999998303,100
2,1125,9.99999999998304,100
2,1126,9.99999999998305,100
2,1127,9.99999999998307,100
2,1128,9.99999999998308,100
2,1129,9.99999999998309,100
2,1130,9.9999999999831,100
2,1131,9.99999999998311,100
2,1132,9.99999999998312,100
2,1133,9.99999999998314,100
2,1134,9.99999999998315,100
2,1135,9.99999999998316,100
2,1136,9.99999999998317,100
2,1137,9.99999999998318,100
2,1138,9.99999999998319,100
2,1139,9.9999999999832,100
2,1140,9.99999999998322,100
2,1141,9.99999999998323,100
2,1142,9.99999999998324,100
2,1143,9.99999999998325,100
2,1144,9.99999999998326,100
2,1145,9.99999999998328,100
2,1146,9.99999999998329,100
2,1147,9.9999999999833,100
2,1148,9.99999999998331,100
2,1149,9.99999999998332,100
2,1150,9.99999999998333,100
2,1151,9.99999999998334,100
2,1152,9.99999999998336,100
2,1153,9.99999999998337,100
2,1154,9.99999999998338,100
2,1155,9.99999999998339,100
2,1156,9.9999999999834,100
2,1157,9.99999999998341,100
2,1158,9.99999999998343,100
2,1159,9.99999999998344,100
2,1160,9.99999999998345,100
2,1161,9.99999999998346,100
2,1162,9.99999999998347,100
2,1163,9.99999999998348,100
2,1164,9.9999999999835,100
2,1165,9.99999999998351,100
2,1166,9.99999999998352,100
2,1167,9.99999999998353,100
2,1168,9.99999999998354,100
2,1169,9.99999999998355,100
2,1170,9.99999999998357,100
2,1171,9.99999999998358,100
2,1172,9.99999999998359,100
2,1173,9.9999999999836,100
2,1174,9.99999999998361,100
2,1175,9.99999999998362,100
2,1176,9.99999999998363,100
2,1177,9.99999999998365,100
2,1178,9.99999999998366,100
2,1179,9.99999999998367,100
2,1180,9.99999999998368,100
2,1181,9.99999999998369,100
2,1182,9.9999999999837,100
2,1183,9.99999999998372,100
2,1184,9.99999999998373,100
2,1185,9.99999999998374,100
2,1186,9.99999999998375,100
2,1187,9.99999999998376,100
2,1188,9.99999999998377,100
2,1189,9.99999999998379,100
2,1190,9.9999999999838,100
2,1191,9.99999999998381,100
2,1192,9.99999999998382,100
2,1193,9.99999999998383,100
2,1194,9.99999999998384,100
2,1195,9.99999999998385,100
2,1196,9.99999999998387,100
2,1197,9.99999999998388,100
2,1198,9.99999999998389,100
2,1199,9.9999999999839,100
2,1200,9.99999999998391,100
2,1201,9.99999999998393,100
2,1202,9.99999999998394,100
2,1203,9.99999999998395,100
2,1204,9.99999999998396,100
2,1205,9.99999999998397,100
2,1206,9.99999999998398,100
2,1207,9.999999999984,100
2,1208,9.99999999998401,100
2,1209,9.99999999998402,100
2,1210,9.99999999998403,100
2,1211,9.99999999998404,100
2,1212,9.99999999998405,100
2,1213,9.99999999998406,100
2,1214,9.99999999998408,100
2,1215,9.99999999998409,100
2,1216,9.9999999999841,100
2,1217,9.99999999998411,100
2,1218,9.99999999998412,100
2,1219,9.99999999998413,100
2,1220,9.99999999998415,100
2,1221,9.99999999998416,100
2,1222,9.99999999998417,100
2,1223,9.99999999998418,100
2,1224,9.99999999998419,100
2,1225,9.9999999999842,100
2,1226,9.99999999998422,100
2,1227,9.99999999998423,100
2,1228,9.99999999998424,100
2,1229,9.99999999998425,100
2,1230,9.99999999998426,100
2,1231,9.99999999998427,100
2,1232,9.99999999998428,100
2,1233,9.9999999999843,100
2,1234,9.99999999998431,100
2,1235,9.99999999998432,100
2,1236,9.99999999998433,100
2,1237,9.99999999998434,100
2,1238,9.99999999998435,100
2,1239,9.99999999998437,100
2,1240,9.99999999998438,100
2,1241,9.99999999998439,100
2,1242,9.9999999999844,100
2,1243,9.99999999998441,100
2,1244,9.99999999998442,100
2,1245,9.99999999998444,100
2,1246,9.99999999998445,100
2,1247,9.99999999998446,100
2,1248,9.99999999998447,100
2,1249,9.99999999998448,100
2,1250,9.99999999998449,100
2,1251,9.9999999999845,100
2,1252,9.99999999998452,100
2,1253,9.99999999998453,100
2,1254,9.99999999998454,100
2,1255,9.99999999998455,100
2,1256,9.99999999998456,100
2,1257,9.99999999998458,100
2,1258,9.99999999998459,100
2,1259,9.9999999999846,100
2,1260,9.99999999998461,100
2,1261,9.99999999998462,100
2,1262,9.99999999998463,100
2,1263,9.99999999998465,100
2,1264,9.99999999998466,100
2,1265,9.99999999998467,100
2,1266,9.99999999998468,100
2,1267,9.99999999998469,100
2,1268,9.9999999999847,100
2,1269,9.99999999998471,100
2,1270,9.99999999998473,100
2,1271,9.99999999998474,100
2,1272,9.99999999998475,100
2,1273,9.99999999998476,100
2,1274,9.99999999998477,100
2,1275,9.99999999998478,100
2,1276,9.9999999999848,100
2,1277,9.99999999998481,100
2,1278,9.99999999998482,100
2,1279,9.99999999998483,100
2,1280,9.99999999998484,100
2,1281,9.99999999998485,100
2,1282,9.99999999998487,100
2,1283,9.99999999998488,100
2,1284,9.99999999998489,100
2,1285,9.9999999999849,100
2,1286,9.99999999998491,100
2,1287,9.99999999998492,100
2,1288,9.99999999998493,100
2,1289,9.99999999998495,100
2,1290,9.99999999998496,100
2,1291,9.99999999998497,100
2,1292,9.99999999998498,100
2,1293,9.99999999998499,100
2,1294,9.999999999985,100
2,1295,9.99999999998502,100
2,1296,9.99999999998503,100
2,1297,9.99999999998504,100
2,1298,9.99999999998505,100
2,1299,9.99999999998506,100
2,1300,9.99999999998508,100
2,1301,9.99999999998509,100
2,1302,9.9999999999851,100
2,1303,9.99999999998511,100
2,1304,9.99999999998512,100
2,1305,9.99999999998513,100
2,1306,9.99999999998514,100
2,1307,9.99999999998515,100
2,1308,9.99999999998517,100
2,1309,9.99999999998518,100
2,1310,9.99999999998519,100
2,1311,9.9999999999852,100
2,1312,9.99999999998521,100
2,1313,9.99999999998523,100
2,1314,9.99999999998524,100
2,1315,9.99999999998525,100
2,1316,9.99999999998526,100
2,1317,9.99999999998527,100
2,1318,9.99999999998528,100
2,1319,9.9999999999853,100
2,1320,9.99999999998531,100
2,1321,9.99999999998532,100
2,1322,9.99999999998533,100
2,1323,9.99999999998534,100
2,1324,9.99999999998535,100
2,1325,9.99999999998536,100
2,1326,9.99999999998538,100
2,1327,9.99999999998539,100
2,1328,9.9999999999854,100
2,1329,9.99999999998541,100
2,1330,9.99999999998542,100
2,1331,9.99999999998543,100
2,1332,9.99999999998545,100
2,1333,9.99999999998546,100
2,1334,9.99999999998547,100
2,1335,9.99999999998548,100
2,1336,9.99999999998549,100
2,1337,9.9999999999855,100
2,1338,9.99999999998552,100
2,1339,9.99999999998553,100
2,1340,9.99999999998554,100
2,1341,9.99999999998555,100
2,1342,9.99999999998556,100
2,1343,9.99999999998557,100
2,1344,9.99999999998558,100
2,1345,9.9999999999856,100
2,1346,9.99999999998561,100
2,1347,9.99999999998562,100
2,1348,9.99999999998563,100
2,1349,9.99999999998564,100
2,1350,9.99999999998566,100
2,1351,9.99999999998567,100
2,1352,9.99999999998568,100
2,1353,9.99999999998569,100
2,1354,9.9999999999857,100
2,1355,9.99999999998571,100
2,1356,9.99999999998573,100
2,1357,9.99999999998574,100
2,1358,9.99999999998575,100
2,1359,9.99999999998576,100
2,1360,9.99999999998577,100
2,1361,9.99999999998578,100
2,1362,9.99999999998579,100
2,1363,9.99999999998581,100
2,1364,9.99999999998582,100
2,1365,9.99999999998583,100
2,1366,9.99999999998584,100
2,1367,9.99999999998585,100
2,1368,9.99999999998586,100
2,1369,9.99999999998588,100
2,1370,9.99999999998589,100
2,1371,9.9999999999859,100
2,1372,9.99999999998591,100
2,1373,9.99999999998592,100
2,1374,9.99999999998593,100
2,1375,9.99999999998595,100
2,1376,9.99999999998596,100
2,1377,9.99999999998597,100
2,1378,9.99999999998598,100
2,1379,9.99999999998599,100
2,1380,9.999999999986,100
2,1381,9.99999999998601,100
2,1382,9.99999999998603,100
2,1383,9.99999999998604,100
2,1384,9.99999999998605,100
2,1385,9.99999999998606,100
2,1386,9.99999999998607,100
2,1387,9.99999999998608,100
2,1388,9.9999999999861,100
2,1389,9.99999999998611,100
2,1390,9.99999999998612,100
2,1391,9.99999999998613,100
2,1392,9.99999999998614,100
2,1393,9.99999999998616,100
2,1394,9.99999999998617,100
2,1395,9.99999999998618,100
2,1396,9.99999999998619,100
2,1397,9.9999999999862,100
2,1398,9.99999999998621,100
2,1399,9.99999999998622,100
2,1400,9.99999999998624,100
2,1401,9.99999999998625,100
2,1402,9.99999999998626,100
2,1403,9.99999999998627,100
2,1404,9.99999999998628,100
2,1405,9.99999999998629,100
2,1406,9.99999999998631,100
2,1407,9.99999999998632,100
2,1408,9.99999999998633,100
2,1409,9.99999999998634,100
2,1410,9.99999999998635,100
2,1411,9.99999999998636,100
2,1412,9.99999999998638,100
2,1413,9.99999999998639,100
2,1414,9.9999999999864,100
2,1415,9.99999999998641,100
2,1416,9.99999999998642,100
2,1417,9.99999999998643,100
2,1418,9.99999999998644,100
2,1419,9.99999999998646,100
2,1420,9.99999999998647,100
2,1421,9.99999999998648,100
2,1422,9.99999999998649,100
2,1423,9.9999999999865,100
2,1424,9.99999999998651,100
2,1425,9.99999999998653,100
2,1426,9.99999999998654,100
2,1427,9.99999999998655,100
2,1428,9.99999999998656,100
2,1429,9.99999999998657,100
2,1430,9.99999999998658,100
2,1431,9.9999999999866,100
2,1432,9.99999999998661,100
2,1433,9.99999999998662,100
2,1434,9.99999999998663,100
2,1435,9.99999999998664,100
2,1436,9.99999999998665,100
2,1437,9.99999999998666,100
2,1438,9.99999999998668,100
2,1439,9.99999999998669,100
2,1440,9.9999999999867,100
