"ID","time","PRED","WT"
1,0,20,30
1,0.1,19.7892442240269,30
1,0.2,19.5807099496715,30
1,0.3,19.374372763666,30
1,0.4,19.1702099307471,30
1,0.5,18.9681985225554,30
1,0.6,18.7683158613174,30
1,0.7,18.5705395143322,30
1,0.8,18.374847286291,30
1,0.9,18.1812172105198,30
1,1,17.9896275779238,30
1,1.1,17.8000568749555,30
1,1.2,17.6124838261832,30
1,1.3,17.4268873806902,30
1,1.4,17.2432467088367,30
1,1.5,17.0615412010867,30
1,1.6,16.8817504551574,30
1,1.7,16.703854291923,30
1,1.8,16.5278327505634,30
1,1.9,16.3536660834661,30
1,2,16.1813347535723,30
1,2.1,16.010819431444,30
1,2.2,15.842100978691,30
1,2.3,15.6751604564202,30
1,2.4,15.5099791277304,30
1,2.5,15.3465384496182,30
1,2.6,15.1848200700292,30
1,2.7,15.0248058249105,30
1,2.8,14.866477758017,30
1,2.9,14.7098181206506,30
1,3,14.5548093311706,30
1,3.1,14.401433992149,30
1,3.2,14.2496748882264,30
1,3.3,14.0995149838808,30
1,3.4,13.9509374250008,30
1,3.5,13.8039255446205,30
1,3.6,13.6584628446607,30
1,3.7,13.5145329998553,30
1,3.8,13.3721198563301,30
1,3.9,13.2312074295955,30
1,4,13.0917799034417,30
1,4.1,12.9538216343174,30
1,4.2,12.8173171406538,30
1,4.3,12.6822511026115,30
1,4.4,12.548608361216,30
1,4.5,12.416373916479,30
1,4.6,12.285532927015,30
1,4.7,12.1560707081751,30
1,4.8,12.0279727355797,30
1,4.9,11.9012246326735,30
1,5,11.7758121740859,30
1,5.1,11.6517212838066,30
1,5.2,11.5289380333805,30
1,5.3,11.4074486454984,30
1,5.4,11.2872394904254,30
1,5.5,11.1682970774804,30
1,5.6,11.050608057681,30
1,5.7,10.9341592221643,30
1,5.8,10.818937500634,30
1,5.9,10.7049299598319,30
1,6,10.5921238020353,30
1,6.1,10.4805063635808,30
1,6.2,10.3700651146986,30
1,6.3,10.2607876656937,30
1,6.4,10.1526617533714,30
1,6.5,10.0456752428442,30
1,6.6,9.93981612760867,30
1,6.7,9.83507252836257,30
1,6.8,9.73143269185384,30
1,6.9,9.62888498976147,30
1,7,9.52741791760845,30
1,7.1,9.42702009370681,30
1,7.2,9.32768024951537,30
1,7.3,9.22938722983622,30
1,7.4,9.13213000316794,30
1,7.5,9.03589765386429,30
1,7.6,8.94067938083169,30
1,7.7,8.84646449624003,30
1,7.8,8.75324242424246,30
1,7.9,8.66100270023788,30
1,8,8.56973497510549,30
1,8.1,8.47942900708646,30
1,8.2,8.39007466149431,30
1,8.3,8.30166191076249,30
1,8.4,8.21418083339984,30
1,8.5,8.12762161296523,30
1,8.6,8.04197453706125,30
1,8.7,7.95722999428951,30
1,8.8,7.87337847114574,30
1,8.9,7.79041055709709,30
1,9,7.70831694083476,30
1,9.1,7.62708840910535,30
1,9.2,7.54671584566348,30
1,9.3,7.46719023023517,30
1,9.4,7.38850263751186,30
1,9.5,7.31064423684041,30
1,9.6,7.23360629058103,30
1,9.7,7.15738015294609,30
1,9.8,7.0819572692804,30
1,9.9,7.00732917511288,30
1,10,6.93348749522016,30
1,10.1,6.86042394270241,30
1,10.2,6.78813031793009,30
1,10.3,6.71659850719942,30
1,10.4,6.6458204826255,30
1,10.5,6.57578830098909,30
1,10.6,6.50649410281065,30
1,10.7,6.4379301114802,30
1,10.8,6.37008863239829,30
1,10.9,6.30296205212764,30
1,11,6.23654283709537,30
1,11.1,6.1708235329419,30
1,11.2,6.10579676415002,30
1,11.3,6.04145523293699,30
1,11.4,5.97779171844243,30
1,11.5,5.91479907592613,30
1,11.6,5.85247023597592,30
1,11.7,5.79079820368237,30
1,11.8,5.72977605753057,30
1,11.9,5.66939694908972,30
1,12,5.60965410216946,30
1,12.1,5.55054081200839,30
1,12.2,5.49205044453044,30
1,12.3,5.43417643561052,30
1,12.4,5.37691229034958,30
1,12.5,5.32025158200725,30
1,12.6,5.26418795116237,30
1,12.7,5.20871510588173,30
1,12.8,5.15382682057806,30
1,12.9,5.0995169353138,30
1,13,5.04577935512348,30
1,13.1,4.99260804934518,30
1,13.2,4.93999705096093,30
1,13.3,4.88794045594608,30
1,13.4,4.83643242262771,30
1,13.5,4.78546717092691,30
1,13.6,4.73503897991259,30
1,13.7,4.68514218959734,30
1,13.8,4.63577120015915,30
1,13.9,4.58692047081681,30
1,14,4.5385845192192,30
1,14.1,4.49075792084254,30
1,14.2,4.44343530839561,30
1,14.3,4.39661137123308,30
1,14.4,4.35028085477681,30
1,14.5,4.30443855994517,30
1,14.6,4.25907934190445,30
1,14.7,4.21419810892259,30
1,14.8,4.16978982400505,30
1,14.9,4.1258495033058,30
1,15,4.08237221553292,30
1,15.1,4.03935308140619,30
1,15.2,3.99678727312198,30
1,15.3,3.95467001382517,30
1,15.4,3.91299657708847,30
1,15.5,3.87176228639882,30
1,15.6,3.83096251458784,30
1,15.7,3.79059268189595,30
1,15.8,3.75064825719609,30
1,15.9,3.71112475760033,30
1,16,3.67201774748703,30
1,16.1,3.63332283801213,30
1,16.2,3.59503568662693,30
1,16.3,3.55715199660225,30
1,16.4,3.51966751655911,30
1,16.5,3.48257804000575,30
1,16.6,3.44587940488116,30
1,16.7,3.40956749262331,30
1,16.8,3.37363822702315,30
1,16.9,3.33808757573404,30
1,17,3.30291154898247,30
1,17.1,3.26810619906516,30
1,17.2,3.23366761991458,30
1,17.3,3.1995919466702,30
1,17.4,3.16587535525553,30
1,17.5,3.13251406196086,30
1,17.6,3.09950432303179,30
1,17.7,3.06684243423608,30
1,17.8,3.03452472937698,30
1,17.9,3.00254758104709,30
1,18,2.97090740050952,30
1,18.1,2.9396006368654,30
1,18.2,2.90862377666257,30
1,18.3,2.87797334350951,30
1,18.4,2.84764589769432,30
1,18.5,2.81763803580894,30
1,18.6,2.78794639037847,30
1,18.7,2.75856762949564,30
1,18.8,2.72949845623753,30
1,18.9,2.70073560718487,30
1,19,2.67227585442123,30
1,19.1,2.64411600395764,30
1,19.2,2.61625289548822,30
1,19.3,2.58868340204087,30
1,19.4,2.56140442963302,30
1,19.5,2.5344129169322,30
1,19.6,2.50770583492154,30
1,19.7,2.48128018657,30
1,19.8,2.45513300649808,30
1,19.9,2.42926135985552,30
1,20,2.40366234272726,30
1,20.1,2.37833308219585,30
1,20.2,2.35327073562722,30
1,20.3,2.32847249035374,30
1,20.4,2.30393556336072,30
1,20.5,2.27965720097626,30
1,20.6,2.25563467856426,30
1,20.7,2.23186530022069,30
1,20.8,2.20834639847284,30
1,20.9,2.18507533398163,30
1,21,2.16204949520832,30
1,21.1,2.13926629785847,30
1,21.2,2.11672318501289,30
1,21.3,2.09441762673887,30
1,21.4,2.07234711975036,30
1,21.5,2.05050918712172,30
1,21.6,2.02890137800347,30
1,21.7,2.00752126734003,30
1,21.8,1.98636645558938,30
1,21.9,1.96543456844449,30
1,22,1.94472325655645,30
1,22.1,1.92423019525924,30
1,22.2,1.90395308468989,30
1,22.3,1.88388964990994,30
1,22.4,1.86403763930581,30
1,22.5,1.84439482495275,30
1,22.6,1.82495900239247,30
1,22.7,1.80572799038175,30
1,22.8,1.7866996306431,30
1,22.9,1.76787178761749,30
1,23,1.74924234821892,30
1,23.1,1.7308092215909,30
1,23.2,1.71257033886473,30
1,23.3,1.69452365292294,30
1,23.4,1.6766671387026,30
1,23.5,1.65899879252545,30
1,23.6,1.64151663152941,30
1,23.7,1.62421869374361,30
1,23.8,1.60710303786676,30
1,23.9,1.59016774304753,30
1,24,1.57341090866712,30
1,24.1,1.55683065412377,30
1,24.2,1.54042511861932,30
1,24.3,1.52419246094771,30
1,24.4,1.50813085928542,30
1,24.5,1.49223851101351,30
1,24.6,1.47651363275927,30
1,24.7,1.46095445981737,30
1,24.8,1.44555924602483,30
1,24.9,1.4303262636175,30
1,25,1.41525380303557,30
1,25.1,1.40034017273096,30
1,25.2,1.38558369897677,30
1,25.3,1.3709827256785,30
1,25.4,1.35653561418722,30
1,25.5,1.3422407431145,30
1,25.6,1.32809650814925,30
1,25.7,1.31410132191773,30
1,25.8,1.30025361385909,30
1,25.9,1.28655182988766,30
1,26,1.27299443228926,30
1,26.1,1.25957989955312,30
1,26.2,1.24630672620081,30
1,26.3,1.23317342261688,30
1,26.4,1.2201785148812,30
1,26.5,1.20732054460296,30
1,26.6,1.19459806875643,30
1,26.7,1.18200965951823,30
1,26.8,1.16955390410642,30
1,26.9,1.15722940466838,30
1,27,1.14503477809039,30
1,27.1,1.13296865580377,30
1,27.2,1.12102968366048,30
1,27.3,1.10921652178063,30
1,27.4,1.09752784440165,30
1,27.5,1.08596233972884,30
1,27.6,1.07451870978748,30
1,27.7,1.06319567027633,30
1,27.8,1.05199195042263,30
1,27.9,1.04090629283848,30
1,28,1.02993745338679,30
1,28.1,1.01908420112342,30
1,28.2,1.00834531803798,30
1,28.3,0.997719598935346,30
1,28.4,0.987205851319602,30
1,28.5,0.976802895259863,30
1,28.6,0.966509563257426,30
1,28.7,0.956324700114266,30
1,28.8,0.946247162802824,30
1,28.9,0.9362758203371,30
1,29,0.926409553645011,30
1,29.1,0.916647255441998,30
1,29.2,0.906987830133011,30
1,29.3,0.897430193732087,30
1,29.4,0.887973273619304,30
1,29.5,0.878616008472202,30
1,29.6,0.869357348150674,30
1,29.7,0.86019625357858,30
1,29.8,0.85113169662651,30
1,29.9,0.842162659995701,30
1,30,0.833288137103088,30
1,30.1,0.824507131967457,30
1,30.2,0.815818659096695,30
1,30.3,0.807221743376121,30
1,30.4,0.798715419957858,30
1,30.5,0.790298734167317,30
1,30.6,0.781970741529576,30
1,30.7,0.773730507449586,30
1,30.8,0.765577107150079,30
1,30.9,0.75750962559803,30
1,31,0.749527157401611,30
1,31.1,0.74162880670816,30
1,31.2,0.733813687103159,30
1,31.3,0.726080921510216,30
1,31.4,0.718429642092013,30
1,31.5,0.710858990152227,30
1,31.6,0.703368116038393,30
1,31.7,0.695956179045699,30
1,31.8,0.688622347322548,30
1,31.9,0.681365797863236,30
1,32,0.674185716333813,30
1,32.1,0.667081296935468,30
1,32.2,0.660051742359854,30
1,32.3,0.653096263699249,30
1,32.4,0.646214080357612,30
1,32.5,0.639404419962513,30
1,32.6,0.632666518277922,30
1,32.7,0.625999619117857,30
1,32.8,0.619402974260852,30
1,32.9,0.612875843365255,30
1,33,0.606417493885332,30
1,33.1,0.600027200988161,30
1,33.2,0.593704247519708,30
1,33.3,0.587447923947537,30
1,33.4,0.581257528145308,30
1,33.5,0.575132365382842,30
1,33.6,0.569071748249948,30
1,33.7,0.563074996578944,30
1,33.8,0.557141437367962,30
1,33.9,0.551270404704998,30
1,34,0.545461239692702,30
1,34.1,0.539713290373912,30
1,34.2,0.53402591165789,30
1,34.3,0.528398465247278,30
1,34.4,0.522830319565742,30
1,34.5,0.517320849702424,30
1,34.6,0.511869437411463,30
1,34.7,0.506475470908879,30
1,34.8,0.501138344845714,30
1,34.9,0.495857460251385,30
1,35,0.490632224466203,30
1,35.1,0.485462051074564,30
1,35.2,0.480346359838793,30
1,35.3,0.475284576633647,30
1,35.4,0.470276133381443,30
1,35.5,0.465320467987823,30
1,35.6,0.460417024278134,30
1,35.7,0.455565251934418,30
1,35.8,0.450764606435564,30
1,35.9,0.446014549062176,30
1,36,0.441314546754214,30
1,36.1,0.43666407204446,30
1,36.2,0.432062603023435,30
1,36.3,0.427509623280594,30
1,36.4,0.423004621846099,30
1,36.5,0.418547093133174,30
1,36.6,0.414136536881017,30
1,36.7,0.40977245809827,30
1,36.8,0.405454367007039,30
1,36.9,0.401181778987441,30
1,37,0.396954214522692,30
1,37.1,0.392771199144708,30
1,37.2,0.388632263422201,30
1,37.3,0.384536942896737,30
1,37.4,0.380484777962901,30
1,37.5,0.376475313857945,30
1,37.6,0.372508100610718,30
1,37.7,0.368582692990948,30
1,37.8,0.364698650459041,30
1,37.9,0.360855537116367,30
1,38,0.357052921656028,30
1,38.1,0.353290377314114,30
1,38.2,0.349567481821419,30
1,38.3,0.34588381735563,30
1,38.4,0.342238970493963,30
1,38.5,0.338632532182013,30
1,38.6,0.335064097722214,30
1,38.7,0.331533266644103,30
1,38.8,0.328039642692889,30
1,38.9,0.324582833788935,30
1,39,0.321162451983577,30
1,39.1,0.317778113415372,30
1,39.2,0.314429438266785,30
1,39.3,0.311116050721301,30
1,39.4,0.307837578920943,30
1,39.5,0.304593654924208,30
1,39.6,0.30138391466441,30
1,39.7,0.298207997908406,30
1,39.8,0.295065548219845,30
1,39.9,0.29195621296482,30
1,40,0.28887964320408,30
1,40.1,0.285835493663318,30
1,40.2,0.282823422706271,30
1,40.3,0.279843092296222,30
1,40.4,0.276894167957895,30
1,40.5,0.27397631873972,30
1,40.6,0.271089217176469,30
1,40.7,0.268232539252259,30
1,40.8,0.265405964363904,30
1,40.9,0.262609175284633,30
1,41,0.25984185812814,30
1,41.1,0.257103702313093,30
1,41.2,0.254394400561676,30
1,41.3,0.251713648838441,30
1,41.4,0.249061146290645,30
1,41.5,0.246436595235578,30
1,41.6,0.243839701127025,30
1,41.7,0.241270172522074,30
1,41.8,0.238727721048242,30
1,41.9,0.236212061370927,30
1,42,0.23372291116118,30
1,42.1,0.231259991063783,30
1,42.2,0.228823024665648,30
1,42.3,0.2264117384645,30
1,42.4,0.224025861837871,30
1,42.5,0.221665127027364,30
1,42.6,0.219329269121714,30
1,42.7,0.217018025975829,30
1,42.8,0.214731138205644,30
1,42.9,0.212468349160087,30
1,43,0.210229404892158,30
1,43.1,0.208014054130285,30
1,43.2,0.205822048249978,30
1,43.3,0.203653141245739,30
1,43.4,0.201507089703262,30
1,43.5,0.199383652771893,30
1,43.6,0.197282592137353,30
1,43.7,0.195203671994725,30
1,43.8,0.193146659026617,30
1,43.9,0.1911113224047,30
1,44,0.189097433714569,30
1,44.1,0.18710476694344,30
1,44.2,0.185133098459944,30
1,44.3,0.183182206988931,30
1,44.4,0.181251873586518,30
1,44.5,0.179341881615393,30
1,44.6,0.177452016720353,30
1,44.7,0.175582066804085,30
1,44.8,0.173731822003174,30
1,44.9,0.171901074664353,30
1,45,0.17008961932097,30
1,45.1,0.16829725267029,30
1,45.2,0.166523773575455,30
1,45.3,0.164768983014915,30
1,45.4,0.16303268405376,30
1,45.5,0.161314681832139,30
1,45.6,0.159614783543297,30
1,45.7,0.15793279841185,30
1,45.8,0.156268537672261,30
1,45.9,0.154621814547533,30
1,46,0.152992444228109,30
1,46.1,0.151380243850971,30
1,46.2,0.149785032478953,30
1,46.3,0.148206631080237,30
1,46.4,0.14664486250805,30
1,46.5,0.145099551494029,30
1,46.6,0.14357052462865,30
1,46.7,0.142057610314006,30
1,46.8,0.140560638760116,30
1,46.9,0.139079441965984,30
1,47,0.137613853700658,30
1,47.1,0.13616370948449,30
1,47.2,0.134728846570564,30
1,47.3,0.133309103926324,30
1,47.4,0.131904322215366,30
1,47.5,0.13051434377941,30
1,47.6,0.129139012620448,30
1,47.7,0.127778174383054,30
1,47.8,0.12643167634281,30
1,47.9,0.12509936740606,30
1,48,0.123781098054668,30
1,48.1,0.122476720343495,30
1,48.2,0.121186087886101,30
1,48.3,0.119909055838223,30
1,48.4,0.118645480881398,30
1,48.5,0.11739522120676,30
1,48.6,0.11615813649898,30
1,48.7,0.114934087920365,30
1,48.8,0.113722938095104,30
1,48.9,0.112524551093662,30
1,49,0.111338792417317,30
1,49.1,0.110165528982841,30
1,49.2,0.109004629107319,30
1,49.3,0.107855962516707,30
1,49.4,0.106719400323903,30
1,49.5,0.105594814976286,30
1,49.6,0.104482080265152,30
1,49.7,0.103381071311568,30
1,49.8,0.102291664552284,30
1,49.9,0.101213737725795,30
1,50,0.100147169858521,30
1,50.1,0.0990918412511376,30
1,50.2,0.0980476334650243,30
1,50.3,0.0970144293088515,30
1,50.4,0.0959921128252894,30
1,50.5,0.0949805692778431,30
1,50.6,0.0939796851378098,30
1,50.7,0.0929893480727017,30
1,50.8,0.0920094469571146,30
1,50.9,0.0910398718278054,30
1,51,0.0900805138725826,30
1,51.1,0.0891312654257134,30
1,51.2,0.0881920199557738,30
1,51.3,0.0872626720536179,30
1,51.4,0.0863431174204627,30
1,51.5,0.0854332528560884,30
1,51.6,0.0845329762471501,30
1,51.7,0.0836421865556015,30
1,51.8,0.0827607838072266,30
1,51.9,0.0818886690802777,30
1,52,0.0810257444942198,30
1,52.1,0.0801719131985759,30
1,52.2,0.0793270793688239,30
1,52.3,0.0784911482125031,30
1,52.4,0.0776640259180348,30
1,52.5,0.076845619660099,30
1,52.6,0.0760358375913884,30
1,52.7,0.0752345888322466,30
1,52.8,0.0744417834604064,30
1,52.9,0.0736573325008286,30
1,53,0.0728811479156384,30
1,53.1,0.0721131425941582,30
1,53.2,0.0713532303430354,30
1,53.3,0.0706013258764627,30
1,53.4,0.0698573448064906,30
1,53.5,0.0691212036334289,30
1,53.6,0.0683928197363368,30
1,53.7,0.0676721113773729,30
1,53.8,0.066958997686471,30
1,53.9,0.0662533986332349,30
1,54,0.0655552350305045,30
1,54.1,0.0648644285254397,30
1,54.2,0.0641809015906802,30
1,54.3,0.0635045775155905,30
1,54.4,0.0628353803975905,30
1,54.5,0.0621732351335697,30
1,54.6,0.0615180674113826,30
1,54.7,0.0608698037014258,30
1,54.8,0.0602283712482935,30
1,54.9,0.0595936980625117,30
1,55,0.0589657129123478,30
1,55.1,0.0583443453167905,30
1,55.2,0.0577295255534763,30
1,55.3,0.0571211846280654,30
1,55.4,0.0565192542684413,30
1,55.5,0.0559236669218109,30
1,55.6,0.0553343557470817,30
1,55.7,0.0547512546073144,30
1,55.8,0.0541742980622478,30
1,55.9,0.0536034213608962,30
1,56,0.0530385604342173,30
1,56.1,0.0524796518878496,30
1,56.2,0.0519266329949183,30
1,56.3,0.0513794416889083,30
1,56.4,0.0508380165566028,30
1,56.5,0.0503022968310869,30
1,56.6,0.0497722223895191,30
1,56.7,0.0492477337560152,30
1,56.8,0.0487287720701271,30
1,56.9,0.0482152790904319,30
1,57,0.0477071971891491,30
1,57.1,0.0472044693456396,30
1,57.2,0.0467070391399683,30
1,57.3,0.0462148507465294,30
1,57.4,0.0457278489277335,30
1,57.5,0.0452459790277544,30
1,57.6,0.0447691869663361,30
1,57.7,0.0442974192326579,30
1,57.8,0.0438306228792572,30
1,57.9,0.0433687455160084,30
1,58,0.042911735304157,30
1,58.1,0.0424595409592784,30
1,58.2,0.042012111740433,30
1,58.3,0.0415693974341184,30
1,58.4,0.0411313483559023,30
1,58.5,0.0406979153448196,30
1,58.6,0.040269049757823,30
1,58.7,0.0398447034642883,30
1,58.8,0.0394248288405727,30
1,58.9,0.0390093787646253,30
1,59,0.0385983066106487,30
1,59.1,0.0381915662438114,30
1,59.2,0.0377891120150097,30
1,59.3,0.037390898755678,30
1,59.4,0.0369968817726472,30
1,59.5,0.0366070168440771,30
1,59.6,0.0362212602267937,30
1,59.7,0.0358395686324381,30
1,59.8,0.0354618992252223,30
1,59.9,0.0350882096206274,30
1,60,0.0347184578806076,30
1,60.1,0.0343526025088405,30
1,60.2,0.0339906024460217,30
1,60.3,0.0336324170652037,30
1,60.4,0.0332780061671772,30
1,60.5,0.0329273299758959,30
1,60.6,0.0325803491339417,30
1,60.7,0.0322370246980314,30
1,60.8,0.0318973181345637,30
1,60.9,0.0315611913152039,30
1,61,0.031228606512509,30
1,61.1,0.0308995263955884,30
1,61.2,0.0305739140409029,30
1,61.3,0.0302517329191309,30
1,61.4,0.0299329468730863,30
1,61.5,0.029617520126549,30
1,61.6,0.0293054172802276,30
1,61.7,0.0289966033077601,30
1,61.8,0.0286910435517532,30
1,61.9,0.0283887037198594,30
1,62,0.0280895498808913,30
1,62.1,0.0277935484609727,30
1,62.2,0.027500666239725,30
1,62.3,0.0272108703464891,30
1,62.4,0.0269241282565821,30
1,62.5,0.0266404077875878,30
1,62.6,0.0263596770956801,30
1,62.7,0.0260819046719797,30
1,62.8,0.0258070593428629,30
1,62.9,0.0255351102746876,30
1,63,0.0252660269488073,30
1,63.1,0.0249997791670491,30
1,63.2,0.0247363370493776,30
1,63.3,0.0244756710305146,30
1,63.4,0.0242177518565901,30
1,63.5,0.0239625505818265,30
1,63.6,0.0237100385652521,30
1,63.7,0.023460187467446,30
1,63.8,0.0232129692473129,30
1,63.9,0.0229683561588866,30
1,64,0.0227263207481628,30
1,64.1,0.0224868358499599,30
1,64.2,0.0222498745848078,30
1,64.3,0.022015410355863,30
1,64.4,0.0217834168467007,30
1,64.5,0.0215538680316543,30
1,64.6,0.0213267381536243,30
1,64.7,0.021102001722667,30
1,64.8,0.0208796335173877,30
1,64.9,0.0206596085820905,30
1,65,0.0204419022239554,30
1,65.1,0.0202264900102423,30
1,65.2,0.0200133477655218,30
1,65.3,0.019802451568931,30
1,65.4,0.0195937777514563,30
1,65.5,0.01938730289324,30
1,65.6,0.0191830038209118,30
1,65.7,0.0189808576049449,30
1,65.8,0.0187808415570353,30
1,65.9,0.0185829332275041,30
1,66,0.0183871104027234,30
1,66.1,0.0181933511097013,30
1,66.2,0.0180016336107368,30
1,66.3,0.0178119363901271,30
1,66.4,0.0176242381588467,30
1,66.5,0.0174385178521599,30
1,66.6,0.0172547546272396,30
1,66.7,0.0170729278608097,30
1,66.8,0.0168930171468089,30
1,66.9,0.0167150022940771,30
1,67,0.0165388633240635,30
1,67.1,0.0163645804685557,30
1,67.2,0.0161921341674298,30
1,67.3,0.0160215050664204,30
1,67.4,0.0158526740149119,30
1,67.5,0.0156856220637484,30
1,67.6,0.015520330463063,30
1,67.7,0.0153567806623092,30
1,67.8,0.0151949543140567,30
1,67.9,0.0150348332580329,30
1,68,0.0148763995244568,30
1,68.1,0.0147196353328583,30
1,68.2,0.0145645230900669,30
1,68.3,0.0144110453882193,30
1,68.4,0.0142591850027866,30
1,68.5,0.0141089248906187,30
1,68.6,0.0139602481880079,30
1,68.7,0.01381313820877,30
1,68.8,0.0136675784423427,30
1,68.9,0.0135235525519011,30
1,69,0.0133810443724906,30
1,69.1,0.0132400379091753,30
1,69.2,0.0131005173352038,30
1,69.3,0.0129624669905649,30
1,69.4,0.0128258713881151,30
1,69.5,0.0126907152010972,30
1,69.6,0.0125569832614359,30
1,69.7,0.0124246605608648,30
1,69.8,0.0122937322492307,30
1,69.9,0.0121641836328149,30
1,70,0.0120360001726701,30
1,70.1,0.011909167482973,30
1,70.2,0.011783671329393,30
1,70.3,0.0116594976274755,30
1,70.4,0.0115366324410401,30
1,70.5,0.0114150619805943,30
1,70.6,0.0112947726017608,30
1,70.7,0.0111757508037189,30
1,70.8,0.0110579832276605,30
1,70.9,0.0109414566552589,30
1,71,0.0108261580107993,30
1,71.1,0.010712074359019,30
1,71.2,0.01059919289679,30
1,71.3,0.0104875009558441,30
1,71.4,0.0103769860013742,30
1,71.5,0.0102676356306159,30
1,71.6,0.0101594375714435,30
1,71.7,0.0100523796809793,30
1,71.8,0.00994644994421513,30
1,71.9,0.00984163647264792,30
1,72,0.00973792750292666,30
1,72.1,0.00963531139551239,30
1,72.2,0.00953377663335012,30
1,72.3,0.00943331182055254,30
1,72.4,0.00933390568109545,30
1,72.5,0.00923554705752463,30
1,72.6,0.00913822491121625,30
1,72.7,0.00904192832624258,30
1,72.8,0.00894664649663551,30
1,72.9,0.00885236872941207,30
1,73,0.00875908444421293,30
1,73.1,0.0086667831720996,30
1,73.2,0.00857545455436268,30
1,73.3,0.0084850883413406,30
1,73.4,0.00839567439124916,30
1,73.5,0.00830720266902124,30
1,73.6,0.00821966324515654,30
1,73.7,0.00813304629458139,30
1,73.8,0.00804734209551808,30
1,73.9,0.00796254102836371,30
1,74,0.00787863357457836,30
1,74.1,0.0077956103155822,30
1,74.2,0.00771346193166149,30
1,74.3,0.00763217920088323,30
1,74.4,0.00755175299801813,30
1,74.5,0.00747217429777875,30
1,74.6,0.00739343418045363,30
1,74.7,0.00731552381028412,30
1,74.8,0.00723843444377006,30
1,74.9,0.00716215742952408,30
1,75,0.00708668420729151,30
1,75.1,0.00701200630697925,30
1,75.2,0.00693811534769381,30
1,75.3,0.00686500303678805,30
1,75.4,0.00679266116891659,30
1,75.5,0.00672108162509979,30
1,75.6,0.00665025637179592,30
1,75.7,0.00658017745998161,30
1,75.8,0.00651083702424012,30
1,75.9,0.00644222728185761,30
1,76,0.00637434053192696,30
1,76.1,0.00630716915445906,30
1,76.2,0.00624070560950145,30
1,76.3,0.00617494243626408,30
1,76.4,0.00610987225588417,30
1,76.5,0.00604548777215702,30
1,76.6,0.00598178175979782,30
1,76.7,0.00591874706944133,30
1,76.8,0.00585637662702589,30
1,76.9,0.00579466343298946,30
1,77,0.0057336005614728,30
1,77.1,0.00567318115952989,30
1,77.2,0.00561339844634541,30
1,77.3,0.00555424571245904,30
1,77.4,0.0054957163189966,30
1,77.5,0.00543780369690772,30
1,77.6,0.00538050134621005,30
1,77.7,0.00532380283523978,30
1,77.8,0.0052677017999083,30
1,77.9,0.00521219194296501,30
1,78,0.0051572670332659,30
1,78.1,0.00510292090504803,30
1,78.2,0.00504914745720962,30
1,78.3,0.00499594065766896,30
1,78.4,0.00494329454103121,30
1,78.5,0.0048912031991254,30
1,78.6,0.00483966078598835,30
1,78.7,0.00478866151723143,30
1,78.8,0.00473819966938375,30
1,78.9,0.00468826957924142,30
1,79,0.00463886564322271,30
1,79.1,0.00458998231672905,30
1,79.2,0.00454161411351174,30
1,79.3,0.00449375560504424,30
1,79.4,0.00444640141989992,30
1,79.5,0.00439954624313521,30
1,79.6,0.00435318481567796,30
1,79.7,0.00430731193372097,30
1,79.8,0.00426192244812053,30
1,79.9,0.00421701126379989,30
1,80,0.00417257333915744,30
1,80.1,0.00412860368548915,30
1,80.2,0.00408509737140549,30
1,80.3,0.00404204951798379,30
1,80.4,0.00399945529418805,30
1,80.5,0.00395730991987995,30
1,80.6,0.00391560866527754,30
1,80.7,0.00387434685041895,30
1,80.8,0.00383351984463107,30
1,80.9,0.00379312306600315,30
1,81,0.00375315198086512,30
1,81.1,0.00371360210327069,30
1,81.2,0.00367446899448502,30
1,81.3,0.00363574826247688,30
1,81.4,0.00359743556141526,30
1,81.5,0.00355952659117028,30
1,81.6,0.00352201709681839,30
1,81.7,0.00348490286815168,30
1,81.8,0.00344817973919119,30
1,81.9,0.00341184358770429,30
1,82,0.00337589033480992,30
1,82.1,0.00334031594848697,30
1,82.2,0.00330511643833887,30
1,82.3,0.00327028785412291,30
1,82.4,0.00323582628720509,30
1,82.5,0.00320172787011603,30
1,82.6,0.00316798877611095,30
1,82.7,0.00313460521873355,30
1,82.8,0.00310157345138394,30
1,82.9,0.00306888976689022,30
1,83,0.00303655049708394,30
1,83.1,0.00300455201237913,30
1,83.2,0.00297289072135503,30
1,83.3,0.00294156307034219,30
1,83.4,0.00291056554301212,30
1,83.5,0.00287989465997026,30
1,83.6,0.0028495469783522,30
1,83.7,0.00281951909142317,30
1,83.8,0.00278980762818056,30
1,83.9,0.00276040925323022,30
1,84,0.00273132067087885,30
1,84.1,0.0027025386181788,30
1,84.2,0.00267405986506219,30
1,84.3,0.00264588121548923,30
1,84.4,0.0026179995070862,30
1,84.5,0.00259041161078658,30
1,84.6,0.00256311443047571,30
1,84.7,0.00253610490263856,30
1,84.8,0.00250937999601076,30
1,84.9,0.00248293671123281,30
1,85,0.00245677208050723,30
1,85.1,0.00243088316725886,30
1,85.2,0.00240526706579806,30
1,85.3,0.00237992090098676,30
1,85.4,0.00235484182790739,30
1,85.5,0.00233002703153459,30
1,85.6,0.00230547372640951,30
1,85.7,0.00228117915631693,30
1,85.8,0.00225714059432046,30
1,85.9,0.00223335534522698,30
1,86,0.00220982074043694,30
1,86.1,0.00218653413879078,30
1,86.2,0.00216349292695111,30
1,86.3,0.0021406945191061,30
1,86.4,0.00211813635667558,30
1,86.5,0.00209581590801989,30
1,86.6,0.0020737306681513,30
1,86.7,0.00205187815844803,30
1,86.8,0.00203025592637076,30
1,86.9,0.0020088615451817,30
1,87,0.00198769261366594,30
1,87.1,0.00196674675585532,30
1,87.2,0.00194602162075453,30
1,87.3,0.00192551488206947,30
1,87.4,0.00190522423793789,30
1,87.5,0.00188514741066213,30
1,87.6,0.00186528214644403,30
1,87.7,0.00184562621567382,30
1,87.8,0.00182617741488346,30
1,87.9,0.00180693356183992,30
1,88,0.00178789249690409,30
1,88.1,0.00176905208318487,30
1,88.2,0.00175041020629654,30
1,88.3,0.00173196477411834,30
1,88.4,0.00171371371655627,30
1,88.5,0.00169565498530702,30
1,88.6,0.00167778655362399,30
1,88.7,0.00166010641608541,30
1,88.8,0.00164261258836444,30
1,88.9,0.00162530310700129,30
1,89,0.00160817602917722,30
1,89.1,0.00159122943249048,30
1,89.2,0.00157446141473411,30
1,89.3,0.00155787009367548,30
1,89.4,0.0015414536068377,30
1,89.5,0.00152521011128267,30
1,89.6,0.00150913778411442,30
1,89.7,0.00149323482367265,30
1,89.8,0.001477499445442,30
1,89.9,0.00146192988352013,30
1,90,0.00144652439060777,30
1,90.1,0.00143128123781067,30
1,90.2,0.00141619871444333,30
1,90.3,0.0014012751278346,30
1,90.4,0.00138650880313497,30
1,90.5,0.0013718980831257,30
1,90.6,0.00135744132802959,30
1,90.7,0.00134313691532339,30
1,90.8,0.00132898323955197,30
1,90.9,0.00131497871214396,30
1,91,0.00130112176122902,30
1,91.1,0.00128741083145666,30
1,91.2,0.00127384438381652,30
1,91.3,0.00126042089546017,30
1,91.4,0.00124713885952426,30
1,91.5,0.00123399678566524,30
1,91.6,0.0012209932003829,30
1,91.7,0.00120812664441624,30
1,91.8,0.00119539567381992,30
1,91.9,0.00118279885985747,30
1,92,0.00117033478883895,30
1,92.1,0.00115800206196001,30
1,92.2,0.00114579929514255,30
1,92.3,0.00113372511887667,30
1,92.4,0.00112177817806407,30
1,92.5,0.00110995713186281,30
1,92.6,0.00109826065353346,30
1,92.7,0.00108668743028644,30
1,92.8,0.00107523616313079,30
1,92.9,0.00106390556672408,30
1,93,0.00105269436922359,30
1,93.1,0.0010416013121387,30
1,93.2,0.00103062515018442,30
1,93.3,0.00101976465113609,30
1,93.4,0.00100901859663282,30
1,93.5,0.000998385781904297,30
1,93.6,0.000987865013697284,30
1,93.7,0.00097745511131684,30
1,93.8,0.000967154906505062,30
1,93.9,0.000956963243308538,30
1,94,0.000946878977947012,30
1,94.1,0.000936900978683255,30
1,94.2,0.000927028125694122,30
1,94.3,0.00091725931094275,30
1,94.4,0.00090759343805191,30
1,94.5,0.00089802942217845,30
1,94.6,0.000888566189888838,30
1,94.7,0.000879202679035774,30
1,94.8,0.000869937838635827,30
1,94.9,0.000860770628748113,30
1,95,0.000851700020353953,30
1,95.1,0.000842724995237512,30
1,95.2,0.000833844545867548,30
1,95.3,0.000825057676170213,30
1,95.4,0.000816363400762685,30
1,95.5,0.000807760743933963,30
1,95.6,0.000799248740251911,30
1,95.7,0.000790826434453792,30
1,95.8,0.000782492881337806,30
1,95.9,0.000774247145655636,30
1,96,0.000766088302005963,30
1,96.1,0.000758015434728944,30
1,96.2,0.000750027637801633,30
1,96.3,0.000742124014734308,30
1,96.4,0.000734303678467726,30
1,96.5,0.000726565751271228,30
1,96.6,0.000718909364641739,30
1,96.7,0.000711333659203597,30
1,96.8,0.00070383778460921,30
1,96.9,0.000696420899440527,30
1,97,0.00068908217111129,30
1,97.1,0.000681820775782338,30
1,97.2,0.000674635899147969,30
1,97.3,0.000667526735357732,30
1,97.4,0.000660492486588369,30
1,97.5,0.000653532363420759,30
1,97.6,0.000646645584750328,30
1,97.7,0.000639831377698282,30
1,97.8,0.000633088977523651,30
1,97.9,0.000626417627536129,30
1,98,0.000619816579009685,30
1,98.1,0.000613285091096954,30
1,98.2,0.000606822430744365,30
1,98.3,0.000600427872608,30
1,98.4,0.00059410069897018,30
1,98.5,0.000587840199656747,30
1,98.6,0.000581645671955031,30
1,98.7,0.000575516420532496,30
1,98.8,0.000569451757356028,30
1,98.9,0.000563451001611884,30
1,99,0.000557513479665629,30
1,99.1,0.000551638525816246,30
1,99.2,0.000545825481057596,30
1,99.3,0.000540073693021558,30
1,99.4,0.000534382516212549,30
1,99.5,0.000528751311934356,30
1,99.6,0.00052317944821765,30
1,99.7,0.000517666299748178,30
1,99.8,0.000512211247795593,30
1,99.9,0.000506813680142947,30
1,100,0.000501472991016799,30
1,100.1,0.000496188581017951,30
1,100.2,0.000490959857052787,30
1,100.3,0.000485786232265203,30
1,100.4,0.000480667125969124,30
1,100.5,0.00047560196358158,30
1,100.6,0.000470590176556345,30
1,100.7,0.000465631202318122,30
1,100.8,0.000460724484197246,30
1,100.9,0.000455869469896356,30
1,101,0.000451065618631614,30
1,101.1,0.000446312389284759,30
1,101.2,0.000441609248462929,30
1,101.3,0.000436955668384455,30
1,101.4,0.000432351126820285,30
1,101.5,0.000427795107035777,30
1,101.6,0.000423287097732903,30
1,101.7,0.000418826592992828,30
1,101.8,0.000414413092218883,30
1,101.9,0.000410046100079932,30
1,102,0.000405725126454123,30
1,102.1,0.00040144968637303,30
1,102.2,0.000397219299966186,30
1,102.3,0.000393033492406007,30
1,102.4,0.000388891793853101,30
1,102.5,0.000384793739401972,30
1,102.6,0.00038073886902711,30
1,102.7,0.000376726727529473,30
1,102.8,0.000372756864629179,30
1,102.9,0.000368828835592532,30
1,103,0.000364942199765664,30
1,103.1,0.000361096520994473,30
1,103.2,0.000357291367714059,30
1,103.3,0.000353526312898759,30
1,103.4,0.000349800934012612,30
1,103.5,0.000346114812960226,30
1,103.6,0.000342467536038072,30
1,103.7,0.000338858693886189,30
1,103.8,0.000335287881440308,30
1,103.9,0.00033175469788439,30
1,104,0.000328258746603579,30
1,104.1,0.000324799635137578,30
1,104.2,0.000321376975134432,30
1,104.3,0.000317990382304735,30
1,104.4,0.000314639476376246,30
1,104.5,0.000311323881048931,30
1,104.6,0.000308043223950409,30
1,104.7,0.000304797136591828,30
1,104.8,0.000301585254324142,30
1,104.9,0.000298407216294818,30
1,105,0.000295262666557583,30
1,105.1,0.000292151253423795,30
1,105.2,0.000289072627707883,30
1,105.3,0.000286026443898913,30
1,105.4,0.000283012360124563,30
1,105.5,0.000280030038112901,30
1,105.6,0.000277079143154629,30
1,105.7,0.000274159344065818,30
1,105.8,0.000271270313151089,30
1,105.9,0.00026841172616729,30
1,106,0.000265583262287629,30
1,106.1,0.000262784604066281,30
1,106.2,0.000260015437403475,30
1,106.3,0.000257275451511042,30
1,106.4,0.000254564338878444,30
1,106.5,0.000251881795239263,30
1,106.6,0.000249227519538178,30
1,106.7,0.000246601213898396,30
1,106.8,0.000244002583589571,30
1,106.9,0.000241431336996181,30
1,107,0.000238887185586384,30
1,107.1,0.000236369843833256,30
1,107.2,0.00023387902881535,30
1,107.3,0.0002314144608564,30
1,107.4,0.000228975863327242,30
1,107.5,0.000226562962521756,30
1,107.6,0.000224175487627941,30
1,107.7,0.000221813170699473,30
1,107.8,0.000219475746627691,30
1,107.9,0.000217162953114072,30
1,108,0.00021487453064314,30
2,0,20,70
2,0.1,19.6039736131387,70
2,0.2,19.2157889495268,70
2,0.3,18.8352908477124,70
2,0.4,18.4623270989785,70
2,0.5,18.0967485106732,70
2,0.6,17.7384088802307,70
2,0.7,17.3871648498931,70
2,0.8,17.0428759155769,70
2,0.9,16.705404326462,70
2,1,16.3746150949573,70
2,1.1,16.0503759533863,70
2,1.2,15.7325572369249,70
2,1.3,15.4210317936641,70
2,1.4,15.1156749699234,70
2,1.5,14.8163645615468,70
2,1.6,14.5229809013015,70
2,1.7,14.235406632231,70
2,1.8,13.953526700752,70
2,1.9,13.677228364355,70
2,2,13.4064011067119,70
2,2.1,13.1409365845095,70
2,2.2,12.8807286093203,70
2,2.3,12.6256731030906,70
2,2.4,12.3756680340493,70
2,2.5,12.1306133904657,70
2,2.6,11.8904111579805,70
2,2.7,11.6549652509216,70
2,2.8,11.4241814800307,70
2,2.9,11.1979675456683,70
2,3,10.9762329629674,70
2,3.1,10.7588890278916,70
2,3.2,10.5458487844219,70
2,3.3,10.3370269922923,70
2,3.4,10.132340128043,70
2,3.5,9.93170631772373,70
2,3.6,9.73504531045204,70
2,3.7,9.54227845575326,70
2,3.8,9.35332867245212,70
2,3.9,9.16812036495944,70
2,4,8.98657943651548,70
2,4.1,8.80863325986714,70
2,4.2,8.63421064007392,70
2,4.3,8.46324180952395,70
2,4.4,8.2956583826472,70
2,4.5,8.13139332864451,70
2,4.6,7.97038094911132,70
2,4.7,7.81255683274595,70
2,4.8,7.65785784442048,70
2,4.9,7.50622210167592,70
2,5,7.35758894648258,70
2,5.1,7.21189892401281,70
2,5.2,7.06909375674593,70
2,5.3,6.92911632095356,70
2,5.4,6.79191062460277,70
2,5.5,6.65742178290033,70
2,5.6,6.52559599808201,70
2,5.7,6.39638053852296,70
2,5.8,6.2697237173856,70
2,5.9,6.14557486964019,70
2,6,6.0238843335184,70
2,6.1,5.90460343132437,70
2,6.2,5.78768444958953,70
2,6.3,5.67308061874255,70
2,6.4,5.56074609537472,70
2,6.5,5.4506359444287,70
2,6.6,5.34270612104435,70
2,6.7,5.23691345047264,70
2,6.8,5.13321561321782,70
2,6.9,5.03157112898706,70
2,7,4.93193933969986,70
2,7.1,4.83428039363116,70
2,7.2,4.73855522772374,70
2,7.3,4.6447255461793,70
2,7.4,4.55275381530701,70
2,7.5,4.46260324557225,70
2,7.6,4.3742377767654,70
2,7.7,4.28762206392957,70
2,7.8,4.20272145829698,70
2,7.9,4.11950199583804,70
2,8,4.03793038771214,70
2,8.1,3.95797400486814,70
2,8.2,3.87960086531128,70
2,8.3,3.80277962068907,70
2,8.4,3.72747953816234,70
2,8.5,3.65367049583039,70
2,8.6,3.58132296935437,70
2,8.7,3.51040801968719,70
2,8.8,3.44089728180402,70
2,8.9,3.37276295044264,70
2,9,3.30597776814216,70
2,9.1,3.24051501991398,70
2,9.2,3.17634852022425,70
2,9.3,3.11345260274817,70
2,9.4,3.05180211003232,70
2,9.5,2.99137237889413,70
2,9.6,2.93213923554283,70
2,9.7,2.87407898607294,70
2,9.8,2.81716840624906,70
2,9.9,2.76138473245385,70
2,10,2.70670565117247,70
2,10.1,2.65310928738967,70
2,10.2,2.60057420180954,70
2,10.3,2.54907937996023,70
2,10.4,2.49860422403323,70
2,10.5,2.4491285447754,70
2,10.6,2.40063255015891,70
2,10.7,2.3530968400009,70
2,10.8,2.3065023994498,70
2,10.9,2.2608305903473,70
2,11,2.21606314382337,70
2,11.1,2.17218215303447,70
2,11.2,2.12917006519373,70
2,11.3,2.08700967460187,70
2,11.4,2.04568411659672,70
2,11.5,2.00517686018976,70
2,11.6,1.96547170128472,70
2,11.7,1.92655275598088,70
2,11.8,1.888404455748,70
2,11.9,1.85101154293525,70
2,12,1.81435906001573,70
2,12.1,1.77843234540536,70
2,12.2,1.74321702754885,70
2,12.3,1.70869901903284,70
2,12.4,1.67486451148164,70
2,12.5,1.64169997211671,70
2,12.6,1.60919213490412,70
2,12.7,1.57732799625958,70
2,12.8,1.54609480997451,70
2,12.9,1.51548008206368,70
2,13,1.48547156583887,70
2,13.1,1.4560572580161,70
2,13.2,1.42722539264944,70
2,13.3,1.39896443659799,70
2,13.4,1.37126308504916,70
2,13.5,1.34411025697602,70
2,13.6,1.31749509069831,70
2,13.7,1.29140693995411,70
2,13.8,1.26583536925669,70
2,13.9,1.24077014963972,70
2,14,1.21620125466796,70
2,14.1,1.19211885641512,70
2,14.2,1.16851332151839,70
2,14.3,1.14537520750497,70
2,14.4,1.12269525892827,70
2,14.5,1.10046440351064,70
2,14.6,1.07867374859186,70
2,14.7,1.05731457755638,70
2,14.8,1.03637834632696,70
2,14.9,1.015856680118,70
2,15,0.995741370178104,70
2,15.1,0.976024370123574,70
2,15.2,0.956697792880885,70
2,15.3,0.937753907522519,70
2,15.4,0.919185136160083,70
2,15.5,0.900984051002953,70
2,15.6,0.883143371591464,70
2,15.7,0.865655961448673,70
2,15.8,0.848514825370816,70
2,15.9,0.831713106628502,70
2,16,0.815244084205318,70
2,16.1,0.799101170086503,70
2,16.2,0.783277906768272,70
2,16.3,0.76776796509244,70
2,16.4,0.75256514092485,70
2,16.5,0.737663352934278,70
2,16.6,0.723056640182736,70
2,16.7,0.708739159727774,70
2,16.8,0.69470518426872,70
2,16.9,0.680949099940747,70
2,17,0.66746540438415,70
2,17.1,0.654248703986844,70
2,17.2,0.641293711893095,70
2,17.3,0.628595245907483,70
2,17.4,0.616148226408828,70
2,17.5,0.603947674302067,70
2,17.6,0.591988709098872,70
2,17.7,0.580266547304493,70
2,17.8,0.56877649994684,70
2,17.9,0.55751397085369,70
2,18,0.546474454841672,70
2,18.1,0.535653535903401,70
2,18.2,0.525046885427732,70
2,18.3,0.514650260517832,70
2,18.4,0.504459502590509,70
2,18.5,0.494470535254711,70
2,18.6,0.484679362792328,70
2,18.7,0.475082068588716,70
2,18.8,0.465674813557026,70
2,18.9,0.456453834591351,70
2,19,0.447415443094259,70
2,19.1,0.438556023756977,70
2,19.2,0.429872032739877,70
2,19.3,0.421359996332018,70
2,19.4,0.413016509590335,70
2,19.5,0.404838234969377,70
2,19.6,0.396821900976035,70
2,19.7,0.388964300884947,70
2,19.8,0.381262291702072,70
2,19.9,0.373712792568794,70
2,20,0.366312783586688,70
2,20.1,0.359059304642649,70
2,20.2,0.351949454218096,70
2,20.3,0.344980388219985,70
2,20.4,0.338149318857522,70
2,20.5,0.331453513731459,70
2,20.6,0.324890294475175,70
2,20.7,0.318457035715481,70
2,20.8,0.312151164053799,70
2,20.9,0.305970157030818,70
2,21,0.29991154211008,70
2,21.1,0.293972895697737,70
2,21.2,0.288151842357726,70
2,21.3,0.282446053635343,70
2,21.4,0.276853247140919,70
2,21.5,0.271371185669574,70
2,21.6,0.265997676301217,70
2,21.7,0.260730569517014,70
2,21.8,0.255567758344034,70
2,21.9,0.250507177672062,70
2,22,0.245546803243862,70
2,22.1,0.240684650845579,70
2,22.2,0.235918775545444,70
2,22.3,0.231247270911443,70
2,22.4,0.226668268243306,70
2,22.5,0.222179935826455,70
2,22.6,0.217780478334979,70
2,22.7,0.213468135967577,70
2,22.8,0.209241183731735,70
2,22.9,0.205097930785119,70
2,23,0.201036719755424,70
2,23.1,0.197055926072681,70
2,23.2,0.193153957318921,70
2,23.3,0.189329252709005,70
2,23.4,0.185580282349052,70
2,23.5,0.181905546602812,70
2,23.6,0.178303575523005,70
2,23.7,0.174772928260105,70
2,23.8,0.171312192481962,70
2,23.9,0.167919983807119,70
2,24,0.164594945349472,70
2,24.1,0.161335747085898,70
2,24.2,0.158141085295441,70
2,24.3,0.155009682067562,70
2,24.4,0.15194028478817,70
2,24.5,0.148931665635074,70
2,24.6,0.145982621084416,70
2,24.7,0.143091971512309,70
2,24.8,0.140258560655119,70
2,24.9,0.137481255112409,70
2,25,0.13475894392233,70
2,25.1,0.132090538114822,70
2,25.2,0.129474970273018,70
2,25.3,0.126911194103688,70
2,25.4,0.124398184098201,70
2,25.5,0.121934935060252,70
2,25.6,0.119520461660358,70
2,25.7,0.117153798073907,70
2,25.8,0.114833997591819,70
2,25.9,0.112560132238183,70
2,26,0.110331292394652,70
2,26.1,0.108146586444398,70
2,26.2,0.106005140555927,70
2,26.3,0.10390609815654,70
2,26.4,0.101848619603556,70
2,26.5,0.0998318818764352,70
2,26.6,0.0978550782454103,70
2,26.7,0.0959174179461159,70
2,26.8,0.0940181258600372,70
2,26.9,0.0921564422248183,70
2,27,0.0903316224077958,70
2,27.1,0.0885429364689762,70
2,27.2,0.0867896689112763,70
2,27.3,0.0850711184005064,70
2,27.4,0.0833865974825166,70
2,27.5,0.0817354323053978,70
2,27.6,0.0801169623465683,70
2,27.7,0.0785305401945857,70
2,27.8,0.0769755313217887,70
2,27.9,0.0754513137077813,70
2,28,0.0739572776450215,70
2,28.1,0.0724928254947125,70
2,28.2,0.0710573714458201,70
2,28.3,0.0696503412784062,70
2,28.4,0.0682711721314778,70
2,28.5,0.0669193123412694,70
2,28.6,0.0655942211822454,70
2,28.7,0.0642953686022932,70
2,28.8,0.0630222350426752,70
2,28.9,0.0617743112288386,70
2,29,0.0605510979650136,70
2,29.1,0.0593521059324825,70
2,29.2,0.0581768554956341,70
2,29.3,0.0570248765731264,70
2,29.4,0.0558957083764848,70
2,29.5,0.0547888992245425,70
2,29.6,0.0537040063773634,70
2,29.7,0.0526405958578032,70
2,29.8,0.0515982422762781,70
2,29.9,0.0505765286586344,70
2,30,0.0495750462896464,70
2,30.1,0.0485933946029178,70
2,30.2,0.0476311809332822,70
2,30.3,0.0466880203830829,70
2,30.4,0.0457635356739159,70
2,30.5,0.0448573569946062,70
2,30.6,0.0439691218519193,70
2,30.7,0.0430984749239233,70
2,30.8,0.0422450679369445,70
2,30.9,0.0414085595484625,70
2,31,0.0405886151467421,70
2,31.1,0.0397849067432439,70
2,31.2,0.0389971128417631,70
2,31.3,0.0382249183087795,70
2,31.4,0.0374680142461254,70
2,31.5,0.0367260978659231,70
2,31.6,0.0359988724064629,70
2,31.7,0.0352860469958695,70
2,31.8,0.0345873364965897,70
2,31.9,0.0339024614147799,70
2,32,0.0332311477873514,70
2,32.1,0.0325731270709927,70
2,32.2,0.0319281360331002,70
2,32.3,0.0312959166445508,70
2,32.4,0.0306762159815492,70
2,32.5,0.0300687862038764,70
2,32.6,0.0294733843515201,70
2,32.7,0.0288897722572679,70
2,32.8,0.0283177164684599,70
2,32.9,0.0277569881528083,70
2,33,0.0272073630058888,70
2,33.1,0.0266686211602509,70
2,33.2,0.026140547096088,70
2,33.3,0.0256229295715377,70
2,33.4,0.025115561569752,70
2,33.5,0.0246182401414656,70
2,33.6,0.0241307663523508,70
2,33.7,0.0236529452051999,70
2,33.8,0.0231845855610345,70
2,33.9,0.022725500061585,70
2,34,0.0222755050530905,70
2,34.1,0.0218344205114695,70
2,34.2,0.0214020700121412,70
2,34.3,0.020978280636029,70
2,34.4,0.0205628828628961,70
2,34.5,0.0201557105280568,70
2,34.6,0.0197566007553116,70
2,34.7,0.0193653938910703,70
2,34.8,0.0189819334396227,70
2,34.9,0.0186060659995188,70
2,35,0.0182376412053165,70
2,35.1,0.0178765117081911,70
2,35.2,0.0175225330614969,70
2,35.3,0.0171755636699593,70
2,35.4,0.0168354647410824,70
2,35.5,0.0165021002291196,70
2,35.6,0.0161753367800316,70
2,35.7,0.0158550436774018,70
2,35.8,0.0155410927892736,70
2,35.9,0.0152333585282765,70
2,36,0.0149317178198281,70
2,36.1,0.0146360500061166,70
2,36.2,0.0143462368164176,70
2,36.3,0.0140621623206868,70
2,36.4,0.0137837128826601,70
2,36.5,0.0135107771137695,70
2,36.6,0.013243245827845,70
2,36.7,0.0129810119966961,70
2,36.8,0.0127239707332451,70
2,36.9,0.0124720192328593,70
2,37,0.0122250567123098,70
2,37.1,0.0119829843833837,70
2,37.2,0.0117457054130275,70
2,37.3,0.011513124884199,70
2,37.4,0.0112851497574022,70
2,37.5,0.0110616888328836,70
2,37.6,0.0108426527161919,70
2,37.7,0.0106279538050412,70
2,37.8,0.0104175062223327,70
2,37.9,0.0102112257867346,70
2,38,0.0100090299831221,70
2,38.1,0.00981083792923744,70
2,38.2,0.00961657034293526,70
2,38.3,0.00942614950999201,70
2,38.4,0.00923949925246055,70
2,38.5,0.00905654490828254,70
2,38.6,0.00887721331359435,70
2,38.7,0.00870143273580392,70
2,38.8,0.00852913286094735,70
2,38.9,0.00836024476605983,70
2,39,0.00819470089111377,70
2,39.1,0.0080324350114187,70
2,39.2,0.00787338221046515,70
2,39.3,0.00771747885319414,70
2,39.4,0.00756466255967459,70
2,39.5,0.00741487219929825,70
2,39.6,0.00726804788945125,70
2,39.7,0.00712413090131051,70
2,39.8,0.00698306366689552,70
2,39.9,0.00684478975750112,70
2,40,0.00670925386082172,70
2,40.1,0.00657640175846416,70
2,40.2,0.00644618030383518,70
2,40.3,0.00631853740038882,70
2,40.4,0.00619342198021975,70
2,40.5,0.00607078399513371,70
2,40.6,0.00595057441051211,70
2,40.7,0.00583274514322322,70
2,40.8,0.00571724906071923,70
2,40.9,0.0056040399629465,70
2,41,0.00549307256354555,70
2,41.1,0.00538430247136128,70
2,41.2,0.00527768617225164,70
2,41.3,0.00517318101118248,70
2,41.4,0.00507074517459666,70
2,41.5,0.00497033768574981,70
2,41.6,0.00487191840288722,70
2,41.7,0.00477544795881338,70
2,41.8,0.00468088776438727,70
2,41.9,0.00458819999396706,70
2,42,0.0044973475700415,70
2,42.1,0.00440829414811887,70
2,42.2,0.0043210041018636,70
2,42.3,0.00423544250847099,70
2,42.4,0.00415157513427021,70
2,42.5,0.00406936843034031,70
2,42.6,0.00398878953033261,70
2,42.7,0.00390980620312656,70
2,42.8,0.00383238685478331,70
2,42.9,0.0037565005165983,70
2,43,0.00368211683254146,70
2,43.1,0.00360920604690988,70
2,43.2,0.00353773899218523,70
2,43.3,0.00346768707708785,70
2,43.4,0.00339902227481972,70
2,43.5,0.00333171711829249,70
2,43.6,0.0032657446969162,70
2,43.7,0.00320107862203792,70
2,43.8,0.00313769302665282,70
2,43.9,0.00307556255548277,70
2,44,0.00301466235465292,70
2,44.1,0.00295496806153803,70
2,44.2,0.00289645579477206,70
2,44.3,0.00283910214441432,70
2,44.4,0.00278288416226555,70
2,44.5,0.00272777935966333,70
2,44.6,0.00267376570691017,70
2,44.7,0.00262082159885271,70
2,44.8,0.00256892585736638,70
2,44.9,0.00251805772341033,70
2,45,0.00246819684860639,70
2,45.1,0.00241932328696047,70
2,45.2,0.00237141748672144,70
2,45.3,0.00232446028237178,70
2,45.4,0.0022784328867451,70
2,45.5,0.00223331688801084,70
2,45.6,0.00218909424774285,70
2,45.7,0.00214574727711759,70
2,45.8,0.00210325863701262,70
2,45.9,0.00206161133138284,70
2,46,0.00202078870035253,70
2,46.1,0.00198077441342255,70
2,46.2,0.00194155246278812,70
2,46.3,0.00190310715676282,70
2,46.4,0.00186542311330458,70
2,46.5,0.00182848525798832,70
2,46.6,0.00179227882295878,70
2,46.7,0.00175678932582642,70
2,46.8,0.0017220025704551,70
2,46.9,0.00168790464157664,70
2,47,0.00165448189913347,70
2,47.1,0.00162172097271543,70
2,47.2,0.00158960875608717,70
2,47.3,0.0015581324018027,70
2,47.4,0.00152727931590322,70
2,47.5,0.00149703715641479,70
2,47.6,0.00146739383268088,70
2,47.7,0.00143833748753755,70
2,47.8,0.00140985649820912,70
2,47.9,0.00138193947192136,70
2,48,0.00135457524127933,70
2,48.1,0.00132775285972333,70
2,48.2,0.00130146159706001,70
2,48.3,0.00127569093506573,70
2,48.4,0.00125043056315935,70
2,48.5,0.00122567037673148,70
2,48.6,0.00120140047606562,70
2,48.7,0.00117761115332287,70
2,48.8,0.00115429289257114,70
2,48.9,0.00113143636614548,70
2,49,0.00110903243085335,70
2,49.1,0.0010870721242428,70
2,49.2,0.001065546660931,70
2,49.3,0.00104444742899064,70
2,49.4,0.001023765986392,70
2,49.5,0.00100349406005785,70
2,49.6,0.00098362354549104,70
2,49.7,0.000964146494593869,70
2,49.8,0.000945055116367862,70
2,49.9,0.000926341773976912,70
2,50,0.000907998981646862,70
2,50.1,0.000890019401617249,70
2,50.2,0.000872395841143276,70
2,50.3,0.000855121249546039,70
2,50.4,0.000838188715309078,70
2,50.5,0.000821591465068798,70
2,50.6,0.000805322863024499,70
2,50.7,0.000789376401822163,70
2,50.8,0.000773745702750143,70
2,50.9,0.000758424513312437,70
2,51,0.000743406704688786,70
2,51.1,0.000728686269237257,70
2,51.2,0.000714257318037705,70
2,51.3,0.000700114078474492,70
2,51.4,0.000686250891856876,70
2,51.5,0.00067266221262471,70
2,51.6,0.000659342607904548,70
2,51.7,0.000646286749922537,70
2,51.8,0.000633489416216538,70
2,51.9,0.000620945487650526,70
2,52,0.000608649946333192,70
2,52.1,0.00059659787357118,70
2,52.2,0.000584784447855615,70
2,52.3,0.000573204942880615,70
2,52.4,0.000561854725592454,70
2,52.5,0.000550729255635488,70
2,52.6,0.000539824085104958,70
2,52.7,0.000529134851992756,70
2,52.8,0.000518657280514766,70
2,52.9,0.000508387179496353,70
2,53,0.00049832044067131,70
2,53.1,0.000488453037009462,70
2,53.2,0.000478781021071867,70
2,53.3,0.000469300523392535,70
2,53.4,0.000460007750885593,70
2,53.5,0.000450898985248759,70
2,53.6,0.000441970587215668,70
2,53.7,0.000433218983612715,70
2,53.8,0.000424640673861,70
2,53.9,0.000416232226587453,70
2,54,0.00040799027825005,70
2,54.1,0.000399911531780669,70
2,54.2,0.000391992755245604,70
2,54.3,0.000384230780523725,70
2,54.4,0.000376622502002291,70
2,54.5,0.000369164876582169,70
2,54.6,0.000361854923731189,70
2,54.7,0.000354689719684606,70
2,54.8,0.00034766639835664,70
2,54.9,0.000340782150267887,70
2,55,0.000334034221378365,70
2,55.1,0.000327419911939406,70
2,55.2,0.000320936575364412,70
2,55.3,0.000314581617118445,70
2,55.4,0.000308352493626684,70
2,55.5,0.000302246711201724,70
2,55.6,0.000296261825532132,70
2,55.7,0.000290395447044816,70
2,55.8,0.00028464523075535,70
2,55.9,0.000279008876452817,70
2,56,0.000273484129447326,70
2,56.1,0.000268068779674896,70
2,56.2,0.000262760660823704,70
2,56.3,0.000257557649481697,70
2,56.4,0.000252457664305565,70
2,56.5,0.000247458665211083,70
2,56.6,0.000242558652584806,70
2,56.7,0.000237755666517135,70
2,56.8,0.000233047785070235,70
2,56.9,0.000228433123754258,70
2,57,0.000223909836438254,70
2,57.1,0.000219476113682865,70
2,57.2,0.000215130182061474,70
2,57.3,0.000210870303505932,70
2,57.4,0.000206694774673057,70
2,57.5,0.000202601926331913,70
2,57.6,0.000198590122771852,70
2,57.7,0.000194657761231334,70
2,57.8,0.000190803271347518,70
2,57.9,0.000187025112795435,70
2,58,0.000183321766622197,70
2,58.1,0.000179691749824506,70
2,58.2,0.000176133610148404,70
2,58.3,0.000172645924242965,70
2,58.4,0.000169227297140109,70
2,58.5,0.000165876361751537,70
2,58.6,0.000162591778382779,70
2,58.7,0.000159372234264373,70
2,58.8,0.000156216443100151,70
2,58.9,0.000153123144632656,70
2,59,0.000150091104149926,70
2,59.1,0.000147119104488619,70
2,59.2,0.000144205952551484,70
2,59.3,0.000141350482807743,70
2,59.4,0.000138551552927745,70
2,59.5,0.00013580804336696,70
2,59.6,0.000133118856963771,70
2,59.7,0.000130482918551092,70
2,59.8,0.00012789917458179,70
2,59.9,0.00012536659276792,70
2,60,0.000122884161733778,70
2,60.1,0.000120450890682754,70
2,60.2,0.000118065806430555,70
2,60.3,0.000115727948894323,70
2,60.4,0.000113436382305049,70
2,60.5,0.000111190189916239,70
2,60.6,0.000108988473252946,70
2,60.7,0.000106830351786192,70
2,60.8,0.000104714962618315,70
2,60.9,0.000102641460179223,70
2,61,0.000100609015933574,70
2,61.1,9.86168180988736e-05,70
2,61.2,9.66640713744895e-05,70
2,61.3,9.47499963356741e-05,70
2,61.4,9.28738233156138e-05,70
2,61.5,9.10347998718038e-05,70
2,61.6,8.92321902618834e-05,70
2,61.7,8.74652733839146e-05,70
2,61.8,8.57333425120486e-05,70
2,61.9,8.40357050408131e-05,70
2,62,8.23716822380202e-05,70
2,62.1,8.07406090062952e-05,70
2,62.2,7.91418336532265e-05,70
2,62.3,7.75747176701355e-05,70
2,62.4,7.60386355194675e-05,70
2,62.5,7.45329716545047e-05,70
2,62.6,7.30571201254796e-05,70
2,62.7,7.16104903722911e-05,70
2,62.8,7.01925036583555e-05,70
2,62.9,6.88025928196632e-05,70
2,63,6.74402020661798e-05,70
2,63.1,6.61047867905382e-05,70
2,63.2,6.47958133840237e-05,70
2,63.3,6.35127590598501e-05,70
2,63.4,6.22551116837282e-05,70
2,63.5,6.10223696117256e-05,70
2,63.6,5.98140415354189e-05,70
2,63.7,5.86296456694664e-05,70
2,63.8,5.74687032131294e-05,70
2,63.9,5.63307480658076e-05,70
2,64,5.52153249259249e-05,70
2,64.1,5.4121987559458e-05,70
2,64.2,5.3050298638791e-05,70
2,64.3,5.19998295870658e-05,70
2,64.4,5.09701604280308e-05,70
2,64.5,4.99608796413856e-05,70
2,64.6,4.89715840236224e-05,70
2,64.7,4.80018785543645e-05,70
2,64.8,4.70513762682015e-05,70
2,64.9,4.6119698132021e-05,70
2,65,4.52064705897517e-05,70
2,65.1,4.43113252835032e-05,70
2,65.2,4.34339039830519e-05,70
2,65.3,4.25738556319033e-05,70
2,65.4,4.17308361835253e-05,70
2,65.5,4.09045084798995e-05,70
2,65.6,4.00945421344494e-05,70
2,65.7,3.93006134193483e-05,70
2,65.8,3.85224051572032e-05,70
2,65.9,3.77596066171166e-05,70
2,66,3.70119134151273e-05,70
2,66.1,3.62790274190271e-05,70
2,66.2,3.55606562937542e-05,70
2,66.3,3.48565099140035e-05,70
2,66.4,3.41663056710642e-05,70
2,66.5,3.34897674236699e-05,70
2,66.6,3.2826624542061e-05,70
2,66.7,3.21766118116836e-05,70
2,66.8,3.15394693402828e-05,70
2,66.9,3.09149424683919e-05,70
2,67,3.03027816832173e-05,70
2,67.1,2.97027425359187e-05,70
2,67.2,2.91145855622845e-05,70
2,67.3,2.85380762068033e-05,70
2,67.4,2.79729847501304e-05,70
2,67.5,2.74190845659899e-05,70
2,67.6,2.68761519357358e-05,70
2,67.7,2.63439695913032e-05,70
2,67.8,2.58223246134591e-05,70
2,67.9,2.53110083271445e-05,70
2,68,2.48098162265742e-05,70
2,68.1,2.43185479029306e-05,70
2,68.2,2.38370069746524e-05,70
2,68.3,2.33650010203174e-05,70
2,68.4,2.29023415141188e-05,70
2,68.5,2.24488437639373e-05,70
2,68.6,2.20043268520059e-05,70
2,68.7,2.15686133863059e-05,70
2,68.8,2.11415276000659e-05,70
2,68.9,2.07228981422277e-05,70
2,69,2.03125575161469e-05,70
2,69.1,1.99103415677353e-05,70
2,69.2,1.95160894272509e-05,70
2,69.3,1.9129643453161e-05,70
2,69.4,1.87508491780841e-05,70
2,69.5,1.83795552568067e-05,70
2,69.6,1.80156134163763e-05,70
2,69.7,1.76588784082721e-05,70
2,69.8,1.73092079626495e-05,70
2,69.9,1.69664627446636e-05,70
2,70,1.66304998642324e-05,70
2,70.1,1.63011967635713e-05,70
2,70.2,1.59784131169297e-05,70
2,70.3,1.56620200660175e-05,70
2,70.4,1.53518912564594e-05,70
2,70.5,1.50479028072814e-05,70
2,70.6,1.4749933280396e-05,70
2,70.7,1.44578636500889e-05,70
2,70.8,1.41715772725041e-05,70
2,70.9,1.38909598551302e-05,70
2,71,1.36158994262864e-05,70
2,71.1,1.3346286304608e-05,70
2,71.2,1.30820128637593e-05,70
2,71.3,1.28229716240719e-05,70
2,71.4,1.2569058386382e-05,70
2,71.5,1.23201715453611e-05,70
2,71.6,1.20762115582452e-05,70
2,71.7,1.18370809113891e-05,70
2,71.8,1.16026840868198e-05,70
2,71.9,1.13729275287902e-05,70
2,72,1.11477196103333e-05,70
2,72.1,1.0926970599815e-05,70
2,72.2,1.07105926274887e-05,70
2,72.3,1.04984996520485e-05,70
2,72.4,1.02906074271831e-05,70
2,72.5,1.00868334681293e-05,70
2,72.6,9.88709701822599e-06,70
2,72.7,9.6913190154678e-06,70
2,72.8,9.49942057449227e-06,70
2,72.9,9.31132302640834e-06,70
2,73,9.12695118135362e-06,70
2,73.1,8.94623134047085e-06,70
2,73.2,8.76909123091959e-06,70
2,73.3,8.5954599685495e-06,70
2,73.4,8.42526802057391e-06,70
2,73.5,8.25844716824327e-06,70
2,73.6,8.09493046951851e-06,70
2,73.7,7.93465222174462e-06,70
2,73.8,7.77754792432396e-06,70
2,73.9,7.6235542413898e-06,70
2,74,7.47260896447981e-06,70
2,74.1,7.32465097520936e-06,70
2,74.2,7.17962020794516e-06,70
2,74.3,7.03745801825246e-06,70
2,74.4,6.89811112481118e-06,70
2,74.5,6.76152497248746e-06,70
2,74.6,6.62764497510305e-06,70
2,74.7,6.49641757091813e-06,70
2,74.8,6.3677901914821e-06,70
2,74.9,6.24171123048456e-06,70
2,75,6.11813001260631e-06,70
2,75.1,5.99699676237016e-06,70
2,75.2,5.87826257299198e-06,70
2,75.3,5.76187937523154e-06,70
2,75.4,5.64779990624349e-06,70
2,75.5,5.53597767842831e-06,70
2,75.6,5.42636694828317e-06,70
2,75.7,5.31892268525297e-06,70
2,75.8,5.21360054058118e-06,70
2,75.9,5.11035996016799e-06,70
2,76,5.00916421713231e-06,70
2,76.1,4.9099730301748e-06,70
2,76.2,4.81274681568368e-06,70
2,76.3,4.71744673663109e-06,70
2,76.4,4.62403467986616e-06,70
2,76.5,4.53247323340797e-06,70
2,76.6,4.44272566373851e-06,70
2,76.7,4.35475589309576e-06,70
2,76.8,4.26852847676654e-06,70
2,76.9,4.18400858037963e-06,70
2,77,4.10116195719867e-06,70
2,77.1,4.01995492541516e-06,70
2,77.2,3.94035434544152e-06,70
2,77.3,3.86232759720398e-06,70
2,77.4,3.78584289126252e-06,70
2,77.5,3.71087275071828e-06,70
2,77.6,3.63738826760153e-06,70
2,77.7,3.56536010995154e-06,70
2,77.8,3.49475949046397e-06,70
2,77.9,3.4255581491974e-06,70
2,78,3.35772833627972e-06,70
2,78.1,3.29124279461457e-06,70
2,78.2,3.22607474258788e-06,70
2,78.3,3.16219785677415e-06,70
2,78.4,3.09958625464309e-06,70
2,78.5,3.03821447726589e-06,70
2,78.6,2.97805747202179e-06,70
2,78.7,2.91909057530447e-06,70
2,78.8,2.8612894952285e-06,70
2,78.9,2.80463029433581e-06,70
2,79,2.74902136765885e-06,70
2,79.1,2.69460348059656e-06,70
2,79.2,2.64125911567592e-06,70
2,79.3,2.58896801530555e-06,70
2,79.4,2.53771016084574e-06,70
2,79.5,2.48746577260837e-06,70
2,79.6,2.43821530985696e-06,70
2,79.7,2.38993947080665e-06,70
2,79.8,2.34261919262421e-06,70
2,79.9,2.29623565142805e-06,70
2,80,2.25077026228819e-06,70
2,80.1,2.20620467922626e-06,70
2,80.2,2.16252079521556e-06,70
2,80.3,2.11970074218097e-06,70
2,80.4,2.07772689099904e-06,70
2,80.5,2.03658209954711e-06,70
2,80.6,1.99625241868902e-06,70
2,80.7,1.95672248715334e-06,70
2,80.8,1.917976395156e-06,70
2,80.9,1.87999851130638e-06,70
2,81,1.84277348260726e-06,70
2,81.1,1.80628623445483e-06,70
2,81.2,1.77052197063877e-06,70
2,81.3,1.7354661733421e-06,70
2,81.4,1.70110460314135e-06,70
2,81.5,1.66742329900641e-06,70
2,81.6,1.63440857830061e-06,70
2,81.7,1.60204703678075e-06,70
2,81.8,1.57032554859699e-06,70
2,81.9,1.53923126629296e-06,70
2,82,1.5087516208057e-06,70
2,82.1,1.47887432146567e-06,70
2,82.2,1.44958735599677e-06,70
2,82.3,1.420878783324e-06,70
2,82.4,1.3927367140095e-06,70
2,82.5,1.36514985921509e-06,70
2,82.6,1.33810721047564e-06,70
2,82.7,1.3115980321891e-06,70
2,82.8,1.28561186161651e-06,70
2,82.9,1.26013850888199e-06,70
2,83,1.23516805697273e-06,70
2,83.1,1.210690861739e-06,70
2,83.2,1.18669755189416e-06,70
2,83.3,1.16317902901462e-06,70
2,83.4,1.14012646753991e-06,70
2,83.5,1.1175313147726e-06,70
2,83.6,1.09538529087837e-06,70
2,83.7,1.07368038888596e-06,70
2,83.8,1.0524088746872e-06,70
2,83.9,1.03156328703698e-06,70
2,84,1.01113600912784e-06,70
2,84.1,9.91113884825487e-07,70
2,84.2,9.71487100503911e-07,70
2,84.3,9.52247780824032e-07,70
2,84.4,9.33388245448434e-07,70
2,84.5,9.14901009041343e-07,70
2,84.6,8.96778781268638e-07,70
2,84.7,8.79014466797856e-07,70
2,84.8,8.61601165298176e-07,70
2,84.9,8.44532171440435e-07,70
2,85,8.27800974897117e-07,70
2,85.1,8.11401260342356e-07,70
2,85.2,7.95326907451943e-07,70
2,85.3,7.79571990903313e-07,70
2,85.4,7.6413078037556e-07,70
2,85.5,7.48997740549421e-07,70
2,85.6,7.34167531107287e-07,70
2,85.7,7.19635006733204e-07,70
2,85.8,7.05393156337596e-07,70
2,85.9,6.91432593314094e-07,70
2,86,6.7774756143974e-07,70
2,86.1,6.64332543066102e-07,70
2,86.2,6.51182157421157e-07,70
2,86.3,6.38291160609288e-07,70
2,86.4,6.25654445611295e-07,70
2,86.5,6.13267042284381e-07,70
2,86.6,6.0112411736216e-07,70
2,86.7,5.8922097445466e-07,70
2,86.8,5.77553054048312e-07,70
2,86.9,5.66115933505965e-07,70
2,87,5.54905327066871e-07,70
2,87.1,5.43917085846692e-07,70
2,87.2,5.33147197837506e-07,70
2,87.3,5.22591787907792e-07,70
2,87.4,5.12247117802449e-07,70
2,87.5,5.02109411133558e-07,70
2,87.6,4.92172303808487e-07,70
2,87.7,4.82430920653605e-07,70
2,87.8,4.72881362184626e-07,70
2,87.9,4.6351982909826e-07,70
2,88,4.54342622272197e-07,70
2,88.1,4.45346142765119e-07,70
2,88.2,4.36526891816698e-07,70
2,88.3,4.27881470847589e-07,70
2,88.4,4.19406581459441e-07,70
2,88.5,4.11099025434886e-07,70
2,88.6,4.02955704737545e-07,70
2,88.7,3.94973621512031e-07,70
2,88.8,3.8714987808394e-07,70
2,88.9,3.79481676959859e-07,70
2,89,3.71966320827363e-07,70
2,89.1,3.64601212555012e-07,70
2,89.2,3.5738385519236e-07,70
2,89.3,3.50310533751701e-07,70
2,89.4,3.43375857176574e-07,70
2,89.5,3.36576969151337e-07,70
2,89.6,3.29911176738497e-07,70
2,89.7,3.23375863112607e-07,70
2,89.8,3.16968487560264e-07,70
2,89.9,3.10686585480115e-07,70
2,90,3.04527768382848e-07,70
2,90.1,2.98489723891201e-07,70
2,90.2,2.92570215739957e-07,70
2,90.3,2.86767083775944e-07,70
2,90.4,2.81078243958038e-07,70
2,90.5,2.7550168835716e-07,70
2,90.6,2.70035485156276e-07,70
2,90.7,2.64677778650402e-07,70
2,90.8,2.59426789246594e-07,70
2,90.9,2.54280813463961e-07,70
2,91,2.49238223933653e-07,70
2,91.1,2.44297469398866e-07,70
2,91.2,2.39457074714847e-07,70
2,91.3,2.34715640848884e-07,70
2,91.4,2.30071844880315e-07,70
2,91.5,2.25524211629275e-07,70
2,91.6,2.21067578545405e-07,70
2,91.7,2.16698832707269e-07,70
2,91.8,2.12416193079384e-07,70
2,91.9,2.08217923346453e-07,70
2,92,2.04102331913364e-07,70
2,92.1,2.00067771905186e-07,70
2,92.2,1.96112641167177e-07,70
2,92.3,1.92235382264776e-07,70
2,92.4,1.88434482483607e-07,70
2,92.5,1.8470847382948e-07,70
2,92.6,1.81055933028386e-07,70
2,92.7,1.77475481526503e-07,70
2,92.8,1.73965785490194e-07,70
2,92.9,1.70525555806005e-07,70
2,93,1.67153548080666e-07,70
2,93.1,1.63848562641091e-07,70
2,93.2,1.6060944453438e-07,70
2,93.3,1.57435083527818e-07,70
2,93.4,1.54324414108871e-07,70
2,93.5,1.51276415485192e-07,70
2,93.6,1.48290111584618e-07,70
2,93.7,1.4536457105517e-07,70
2,93.8,1.42498084766919e-07,70
2,93.9,1.39687880024666e-07,70
2,94,1.36932747889362e-07,70
2,94.1,1.34231563573813e-07,70
2,94.2,1.31583231993267e-07,70
2,94.3,1.28986687765417e-07,70
2,94.4,1.26440895210399e-07,70
2,94.5,1.23944848350793e-07,70
2,94.6,1.2149757091162e-07,70
2,94.7,1.19098116320348e-07,70
2,94.8,1.16745567706886e-07,70
2,94.9,1.14439037903589e-07,70
2,95,1.12177669445255e-07,70
2,95.1,1.09960634569122e-07,70
2,95.2,1.07787135214877e-07,70
2,95.3,1.05656403024647e-07,70
2,95.4,1.03567699343003e-07,70
2,95.5,1.01520315216961e-07,70
2,95.6,9.95135713959797e-08,70
2,95.7,9.75468183319609e-08,70
2,95.8,9.56194361792504e-08,70
2,95.9,9.3730834794638e-08,70
2,96,9.18803848686017e-08,70
2,96.1,9.00663518597742e-08,70
2,96.2,8.82876260726796e-08,70
2,96.3,8.65435062116352e-08,70
2,96.4,8.48333112167185e-08,70
2,96.5,8.31563802637659e-08,70
2,96.6,8.15120727643732e-08,70
2,96.7,7.98997683658965e-08,70
2,96.8,7.83188669514504e-08,70
2,96.9,7.67687886399099e-08,70
2,97,7.52489737859089e-08,70
2,97.1,7.37588829798406e-08,70
2,97.2,7.22979970478586e-08,70
2,97.3,7.08658170518749e-08,70
2,97.4,6.94618642895619e-08,70
2,97.5,6.80856802943511e-08,70
2,97.6,6.67368268354331e-08,70
2,97.7,6.54148859177588e-08,70
2,97.8,6.41194597820378e-08,70
2,97.9,6.285017090474e-08,70
2,98,6.16066619980941e-08,70
2,98.1,6.03885960100884e-08,70
2,98.2,5.91956561244712e-08,70
2,98.3,5.79195550702251e-08,70
2,98.4,5.67924305804919e-08,70
2,98.5,5.56852948834661e-08,70
2,98.6,5.45979333137209e-08,70
2,98.7,5.35301312058303e-08,70
2,98.8,5.24816738943676e-08,70
2,98.9,5.14523467139065e-08,70
2,99,5.04419349990205e-08,70
2,99.1,4.9450224084283e-08,70
2,99.2,4.84769993042678e-08,70
2,99.3,4.75220459935482e-08,70
2,99.4,4.65851494866981e-08,70
2,99.5,4.56660951182908e-08,70
2,99.6,4.47646682228998e-08,70
2,99.7,4.3880654135099e-08,70
2,99.8,4.30138381894615e-08,70
2,99.9,4.21640057205613e-08,70
2,100,4.13309420629717e-08,70
2,100.1,4.05144325512661e-08,70
2,100.2,3.97142625200185e-08,70
2,100.3,3.89302173038021e-08,70
2,100.4,3.81620822371906e-08,70
2,100.5,3.74096184791467e-08,70
2,100.6,3.66721985333365e-08,70
2,100.7,3.59494276564112e-08,70
2,100.8,3.52410501581449e-08,70
2,100.9,3.45468103483121e-08,70
2,101,3.3866452536687e-08,70
2,101.1,3.31997210330438e-08,70
2,101.2,3.2546360147157e-08,70
2,101.3,3.19061141888007e-08,70
2,101.4,3.12787274677494e-08,70
2,101.5,3.06639442937774e-08,70
2,101.6,3.00615089766588e-08,70
2,101.7,2.94711658261682e-08,70
2,101.8,2.88926591520796e-08,70
2,101.9,2.83257332641676e-08,70
2,102,2.77701324722064e-08,70
2,102.1,2.72256010859702e-08,70
2,102.2,2.66918834152335e-08,70
2,102.3,2.61687237697704e-08,70
2,102.4,2.56558664593554e-08,70
2,102.5,2.51530557937627e-08,70
2,102.6,2.46600360827666e-08,70
2,102.7,2.41765516361415e-08,70
2,102.8,2.37023467636616e-08,70
2,102.9,2.32371657751013e-08,70
2,103,2.27807529802349e-08,70
2,103.1,2.23328526888366e-08,70
2,103.2,2.18932092106808e-08,70
2,103.3,2.14618904957412e-08,70
2,103.4,2.1039366829304e-08,70
2,103.5,2.06254780635862e-08,70
2,103.6,2.02200421911039e-08,70
2,103.7,1.98228772043734e-08,70
2,103.8,1.94338010959107e-08,70
2,103.9,1.9052631858232e-08,70
2,104,1.86791874838535e-08,70
2,104.1,1.83132859652911e-08,70
2,104.2,1.79547452950611e-08,70
2,104.3,1.76033834656796e-08,70
2,104.4,1.72590184696628e-08,70
2,104.5,1.69214682995267e-08,70
2,104.6,1.65905509477875e-08,70
2,104.7,1.62660844069613e-08,70
2,104.8,1.59478866695642e-08,70
2,104.9,1.56357757281124e-08,70
2,105,1.53295695751221e-08,70
2,105.1,1.50290862031092e-08,70
2,105.2,1.473414360459e-08,70
2,105.3,1.44445597720806e-08,70
2,105.4,1.41601526980971e-08,70
2,105.5,1.38807403751557e-08,70
2,105.6,1.36061407957724e-08,70
2,105.7,1.33361719524635e-08,70
2,105.8,1.30706518377449e-08,70
2,105.9,1.2809398444133e-08,70
2,106,1.25522823324997e-08,70
2,106.1,1.23000191703841e-08,70
2,106.2,1.20528185184978e-08,70
2,106.3,1.18105875752206e-08,70
2,106.4,1.15732335389322e-08,70
2,106.5,1.13406636080123e-08,70
2,106.6,1.11127849808407e-08,70
2,106.7,1.08895048557973e-08,70
2,106.8,1.06707304312616e-08,70
2,106.9,1.04563689056135e-08,70
2,107,1.02463274772327e-08,70
2,107.1,1.00405133444989e-08,70
2,107.2,9.838833705792e-09,70
2,107.3,9.64119575949163e-09,70
2,107.4,9.44750670397760e-09,70
2,107.5,9.25767373762963e-09,70
2,107.6,9.07160405882744e-09,70
2,107.7,8.88920486595085e-09,70
2,107.8,8.71038335737955e-09,70
2,107.9,8.53504673149334e-09,70
2,108,8.36310218667194e-09,70
