"ID","x","PRED","vachette.cov1","dosenr"
1,0,0,30,1
1,0.1,0.00110463761026257,30,1
1,0.2,0.00221746220052966,30,1
1,0.3,0.00333985941688438,30,1
1,0.4,0.00447333194673103,30,1
1,0.5,0.00560220338011567,30,1
1,0.6,0.00675491327131663,30,1
1,0.7,0.00790320047099772,30,1
1,0.8,0.0090751321729874,30,1
1,0.9,0.0102710398460121,30,1
1,1,0.0114567566294166,30,1
1,1.1,0.0126798596862596,30,1
1,1.2,0.0139138210036686,30,1
1,1.3,0.0151401218851502,30,1
1,1.4,0.0164006310351147,30,1
1,1.5,0.017675812799149,30,1
1,1.6,0.0189461937755607,30,1
1,1.7,0.0202470105803668,30,1
1,1.8,0.0215767931938017,30,1
1,1.9,0.0228948193527569,30,1
1,2,0.0242595816500647,30,1
1,2.1,0.0256376457983615,30,1
1,2.2,0.0270069548075107,30,1
1,2.3,0.0284191194405664,30,1
1,2.4,0.0298491099896906,30,1
1,2.5,0.0312737455911017,30,1
1,2.6,0.0327366324371754,30,1
1,2.7,0.0342343556959752,30,1
1,2.8,0.0357184425026598,30,1
1,2.9,0.0372600606782451,30,1
1,3,0.0388178538416466,30,1
1,3.1,0.0403656008855738,30,1
1,3.2,0.0419660997154261,30,1
1,3.3,0.0435881670583454,30,1
1,3.4,0.0452042641801089,30,1
1,3.5,0.0468674467677193,30,1
1,3.6,0.0485724586243443,30,1
1,3.7,0.0502616884312973,30,1
1,3.8,0.0520207237135751,30,1
1,3.9,0.0537994130464206,30,1
1,4,0.0555666543369647,30,1
1,4.1,0.0573977545336863,30,1
1,4.2,0.0592549734369941,30,1
1,4.3,0.0611056718008706,30,1
1,4.4,0.0630131894776419,30,1
1,4.5,0.064970976440161,30,1
1,4.6,0.0669106815614015,30,1
1,4.7,0.0689338558497595,30,1
1,4.8,0.0709810251590998,30,1
1,4.9,0.0730153938276254,30,1
1,5,0.0751257512906215,30,1
1,5.1,0.0772678961436845,30,1
1,5.2,0.0794032501873872,30,1
1,5.3,0.0816057568548706,30,1
1,5.4,0.0838688596418044,30,1
1,5.5,0.0861116346716317,30,1
1,5.6,0.0884526435870276,30,1
1,5.7,0.0908232209898986,30,1
1,5.8,0.0931799685642892,30,1
1,5.9,0.095625432630314,30,1
1,6,0.0981099138928733,30,1
1,6.1,0.100587961907633,30,1
1,6.2,0.103143516894843,30,1
1,6.3,0.105772479780833,30,1
1,6.4,0.108379276366414,30,1
1,6.5,0.111099575743101,30,1
1,6.6,0.113856783161559,30,1
1,6.7,0.116599897371712,30,1
1,6.8,0.119444269832315,30,1
1,6.9,0.122337078540957,30,1
1,7,0.125224980519213,30,1
1,7.1,0.128199772163367,30,1
1,7.2,0.131264084101605,30,1
1,7.3,0.134305365140266,30,1
1,7.4,0.137474864931043,30,1
1,7.5,0.140691140990119,30,1
1,7.6,0.143894511863856,30,1
1,7.7,0.147210185888906,30,1
1,7.8,0.15061831400894,30,1
1,7.9,0.153993911189613,30,1
1,8,0.1575257263887,30,1
1,8.1,0.161020415561758,30,1
1,8.2,0.164660647587769,30,1
1,8.3,0.168340119045841,30,1
1,8.4,0.172110865264279,30,1
1,8.5,0.17592054501999,30,1
1,8.6,0.179815618594633,30,1
1,8.7,0.183696602778777,30,1
1,8.8,0.187709620990367,30,1
1,8.9,0.191837764140871,30,1
1,9,0.195928502989897,30,1
1,9.1,0.200205232496247,30,1
1,9.2,0.204539460522155,30,1
1,9.3,0.208851118250217,30,1
1,9.4,0.213324224755409,30,1
1,9.5,0.217874968691828,30,1
1,9.6,0.222420038477768,30,1
1,9.7,0.227097928279395,30,1
1,9.8,0.23192117016006,30,1
1,9.9,0.236712203247528,30,1
1,10,0.241695743773002,30,1
1,10.1,0.246758363248114,30,1
1,10.2,0.251807952468447,30,1
1,10.3,0.257017114881219,30,1
1,10.4,0.262380822066137,30,1
1,10.5,0.267702525821281,30,1
1,10.6,0.273248640634459,30,1
1,10.7,0.278876116879913,30,1
1,10.8,0.284483491023493,30,1
1,10.9,0.290277042112627,30,1
1,11,0.296236115467511,30,1
1,11.1,0.3021437340166,30,1
1,11.2,0.308307317551814,30,1
1,11.3,0.314555955351987,30,1
1,11.4,0.320778331167459,30,1
1,11.5,0.327211909299256,30,1
1,11.6,0.333824461631993,30,1
1,11.7,0.340377171974917,30,1
1,11.8,0.347215406268673,30,1
1,11.9,0.354144556344468,30,1
1,12,0.361043041559143,30,1
1,12.1,0.368174254576667,30,1
1,12.2,0.37550125989107,30,1
1,12.3,0.382762062225534,30,1
1,12.4,0.390333763195923,30,1
1,12.5,0.398005397086478,30,1
1,12.6,0.405644826124082,30,1
1,12.7,0.413532500005102,30,1
1,12.8,0.421637282868999,30,1
1,12.9,0.429672776300057,30,1
1,13,0.438037527354737,30,1
1,13.1,0.4465156415562,30,1
1,13.2,0.454964285808516,30,1
1,13.3,0.463667490483993,30,1
1,13.4,0.472615032827069,30,1
1,13.5,0.481495054690392,30,1
1,13.6,0.490712105746874,30,1
1,13.7,0.500061933851966,30,1
1,13.8,0.509391064680073,30,1
1,13.9,0.518967898334165,30,1
1,14,0.528823944179218,30,1
1,14.1,0.538621051427936,30,1
1,14.2,0.548747968165887,30,1
1,14.3,0.559129021817873,30,1
1,14.4,0.569411314447041,30,1
1,14.5,0.580108514825526,30,1
1,14.6,0.59093532189039,30,1
1,14.7,0.601721133754548,30,1
1,14.8,0.612809278526095,30,1
1,14.9,0.62419769456927,30,1
1,15,0.635506450474364,30,1
1,15.1,0.647198841953216,30,1
1,15.2,0.659166996550925,30,1
1,15.3,0.671016014741834,30,1
1,15.4,0.683331239525919,30,1
1,15.5,0.695785856723772,30,1
1,15.6,0.708193509024651,30,1
1,15.7,0.72092392052575,30,1
1,15.8,0.733992852882099,30,1
1,15.9,0.746978509767023,30,1
1,16,0.760361029744562,30,1
1,16.1,0.774060719785071,30,1
1,16.2,0.7876411215927,30,1
1,16.3,0.801691341831532,30,1
1,16.4,0.815912650152674,30,1
1,16.5,0.830105473290889,30,1
1,16.6,0.844584560660103,30,1
1,16.7,0.859467074703858,30,1
1,16.8,0.874290855194829,30,1
1,16.9,0.889459457343378,30,1
1,17,0.905016736330289,30,1
1,17.1,0.920486789653534,30,1
1,17.2,0.936355968843757,30,1
1,17.3,0.952600619417154,30,1
1,17.4,0.968731570309054,30,1
1,17.5,0.985310528327054,30,1
1,17.6,1.00225378566763,30,1
1,17.7,1.0190594574182,30,1
1,17.8,1.03635535439507,30,1
1,17.9,1.05400693460108,30,1
1,18,1.07150023609683,30,1
1,18.1,1.08951800838195,30,1
1,18.2,1.10788596126275,30,1
1,18.3,1.12607877288653,30,1
1,18.4,1.14482095889263,30,1
1,18.5,1.163911525363,30,1
1,18.6,1.18281458488763,30,1
1,18.7,1.20228116189183,30,1
1,18.8,1.22209863809796,30,1
1,18.9,1.24172142781199,30,1
1,19,1.26190966274759,30,1
1,19.1,1.28245627310918,30,1
1,19.2,1.30280690950076,30,1
1,19.3,1.32371122674979,30,1
1,19.4,1.34498700813645,30,1
1,19.5,1.36607213553008,30,1
1,19.6,1.38768400480812,30,1
1,19.7,1.40968670406261,30,1
1,19.8,1.43151139364852,30,1
1,19.9,1.45381924072521,30,1
1,20,1.47654422759401,30,1
1,20.1,1.4991118833122,30,1
1,20.2,1.52210102607318,30,1
1,20.3,1.54554122349454,30,1
1,20.4,1.56885349622898,30,1
1,20.5,1.59250610846533,30,1
1,20.6,1.6166519419974,30,1
1,20.7,1.64120425916747,30,1
1,20.8,1.66583895340488,30,1
1,20.9,1.69087252199681,30,1
1,21,1.71598338689976,30,1
1,21.1,1.74149172272986,30,1
1,21.2,1.76726929189179,30,1
1,21.3,1.79278358130845,30,1
1,21.4,1.81878559137115,30,1
1,21.5,1.84519911222162,30,1
1,21.6,1.87143828593831,30,1
1,21.7,1.89800313541236,30,1
1,21.8,1.92505568840511,30,1
1,21.9,1.95250134884336,30,1
1,22,1.98019865991427,30,1
1,22.1,2.00761824392215,30,1
1,22.2,2.03546821322866,30,1
1,22.3,2.06373865892125,30,1
1,22.4,2.09185101794083,30,1
1,22.5,2.12016786432485,30,1
1,22.6,2.14921447179153,30,1
1,22.7,2.17800428168435,30,1
1,22.8,2.20715671708544,30,1
1,22.9,2.23674031078897,30,1
1,23,2.26668803481632,30,1
1,23.1,2.29685201326595,30,1
1,23.2,2.3267199396788,30,1
1,23.3,2.35691792074354,30,1
1,23.4,2.38753869139886,30,1
1,23.5,2.41850585705268,30,1
1,23.6,2.44966950505598,30,1
1,23.7,2.48055406518401,30,1
1,23.8,2.51166728386743,30,1
1,23.9,2.54343536556153,30,1
1,24,2.57489930333326,30,1
1,24.1,2.60664810388621,30,1
1,24.2,2.6390031583826,30,1
1,24.3,2.67101756484762,30,1
1,24.4,2.70334678398706,30,1
1,24.5,2.73603547987282,30,1
1,24.6,2.7690213747185,30,1
1,24.7,2.80215282279666,30,1
1,24.8,2.83501461218756,30,1
1,24.9,2.86793074917603,30,1
1,25,2.90151107359327,30,1
1,25.1,2.93484408271939,30,1
1,25.2,2.96819183248501,30,1
1,25.3,3.00219856778184,30,1
1,25.4,3.03645849049956,30,1
1,25.5,3.07082152751023,30,1
1,25.6,3.10485682109867,30,1
1,25.7,3.13894742389348,30,1
1,25.8,3.17363088535558,30,1
1,25.9,3.20804465356708,30,1
1,26,3.24240323492209,30,1
1,26.1,3.27738295228017,30,1
1,26.2,3.31256987091605,30,1
1,26.3,3.34781637783142,30,1
1,26.4,3.38277449612791,30,1
1,26.5,3.4175981439902,30,1
1,26.6,3.45303434188696,30,1
1,26.7,3.4887279319277,30,1
1,26.8,3.52434200575785,30,1
1,26.9,3.56013161033699,30,1
1,27,3.59601900108111,30,1
1,27.1,3.63190604939309,30,1
1,27.2,3.66763526559913,30,1
1,27.3,3.70360116548585,30,1
1,27.4,3.73972930500689,30,1
1,27.5,3.77585035278661,30,1
1,27.6,3.81208558711403,30,1
1,27.7,3.84830275903844,30,1
1,27.8,3.88462187354451,30,1
1,27.9,3.9209120944076,30,1
1,28,3.95729215096844,30,1
1,28.1,3.99363270570589,30,1
1,28.2,4.03005119492627,30,1
1,28.3,4.06641981460552,30,1
1,28.4,4.10285469322707,30,1
1,28.5,4.13922959098459,30,1
1,28.6,4.17565931626448,30,1
1,28.7,4.21201922012314,30,1
1,28.8,4.24842278102199,30,1
1,28.9,4.28474696350826,30,1
1,29,4.32117538913637,30,1
1,29.1,4.35735331816333,30,1
1,29.2,4.39372737213602,30,1
1,29.3,4.42999996806357,30,1
1,29.4,4.46630922867156,30,1
1,29.5,4.50227464538744,30,1
1,29.6,4.53852009765696,30,1
1,29.7,4.57467516896268,30,1
1,29.8,4.61082470465613,30,1
1,29.9,4.64684903848481,30,1
1,30,4.68291902169827,30,1
1,30.1,4.7189161913945,30,1
1,30.2,4.75484627660975,30,1
1,30.3,4.79059931715546,30,1
1,30.4,4.82643338234335,30,1
1,30.5,4.86192331096828,30,1
1,30.6,4.89747282681654,30,1
1,30.7,4.93311990748537,30,1
1,30.8,4.96840325908037,30,1
1,30.9,5.00331480281522,30,1
1,31,5.03873288289723,30,1
1,31.1,5.07399270179814,30,1
1,31.2,5.10923951126527,30,1
1,31.3,5.14434868683298,30,1
1,31.4,5.17932709916404,30,1
1,31.5,5.21405382950882,30,1
1,31.6,5.24891126322118,30,1
1,31.7,5.28340944448533,30,1
1,31.8,5.31770028739324,30,1
1,31.9,5.35224837533478,30,1
1,32,5.38661999498555,30,1
1,32.1,5.42092813663363,30,1
1,32.2,5.4551194663767,30,1
1,32.3,5.48910439136232,30,1
1,32.4,5.52307374496739,30,1
1,32.5,5.55685074014005,30,1
1,32.6,5.59052559597111,30,1
1,32.7,5.62389514762993,30,1
1,32.8,5.65734477479761,30,1
1,32.9,5.69062131697991,30,1
1,33,5.72378405522916,30,1
1,33.1,5.75684661407397,30,1
1,33.2,5.78976176399938,30,1
1,33.3,5.82244971399913,30,1
1,33.4,5.85508256142298,30,1
1,33.5,5.88750220805293,30,1
1,33.6,5.91986377726026,30,1
1,33.7,5.95188969424884,30,1
1,33.8,5.98394892703541,30,1
1,33.9,6.01579959522526,30,1
1,34,6.0475413806547,30,1
1,34.1,6.07907903232113,30,1
1,34.2,6.11054679361412,30,1
1,34.3,6.14168788367405,30,1
1,34.4,6.17283043088225,30,1
1,34.5,6.20376337112951,30,1
1,34.6,6.23461238667719,30,1
1,34.7,6.26525198188008,30,1
1,34.8,6.29574700663767,30,1
1,34.9,6.32595654006695,30,1
1,35,6.3560694893907,30,1
1,35.1,6.3860952494055,30,1
1,35.2,6.41595111715022,30,1
1,35.3,6.44565387807988,30,1
1,35.4,6.47520572248792,30,1
1,35.5,6.50452144885281,30,1
1,35.6,6.53372473903352,30,1
1,35.7,6.56263706376348,30,1
1,35.8,6.59138792997932,30,1
1,35.9,6.62004907634352,30,1
1,36,6.648588170243,30,1
1,36.1,6.67689277074609,30,1
1,36.2,6.70507581101651,30,1
1,36.3,6.7329878802643,30,1
1,36.4,6.76070823340735,30,1
1,36.5,6.78833959400718,30,1
1,36.6,6.81584035597654,30,1
1,36.7,6.84310692146556,30,1
1,36.8,6.87024395664166,30,1
1,36.9,6.89723614732427,30,1
1,37,6.92405812224181,30,1
1,37.1,6.95071241720042,30,1
1,37.2,6.97713257352298,30,1
1,37.3,7.00341689861833,30,1
1,37.4,7.02955130407574,30,1
1,37.5,7.0555122867871,30,1
1,37.6,7.08130249749469,30,1
1,37.7,7.10685992499159,30,1
1,37.8,7.1322769213042,30,1
1,37.9,7.1575572002783,30,1
1,38,7.18266183155687,30,1
1,38.1,7.20759355800312,30,1
1,38.2,7.23229460923866,30,1
1,38.3,7.25685161739057,30,1
1,38.4,7.28126827310325,30,1
1,38.5,7.30550839197953,30,1
1,38.6,7.32957478283894,30,1
1,38.7,7.3534135974203,30,1
1,38.8,7.37714329198508,30,1
1,38.9,7.40062528401831,30,1
1,39,7.42390408524824,30,1
1,39.1,7.44712206868843,30,1
1,39.2,7.47016670028237,30,1
1,39.3,7.49298879497135,30,1
1,39.4,7.51570071515056,30,1
1,39.5,7.53820704369616,30,1
1,39.6,7.56057077108711,30,1
1,39.7,7.58271370828775,30,1
1,39.8,7.60466876278834,30,1
1,39.9,7.6265054742993,30,1
1,40,7.64821494105589,30,1
1,40.1,7.66972284604075,30,1
1,40.2,7.69108778487175,30,1
1,40.3,7.71230201013386,30,1
1,40.4,7.73335228432777,30,1
1,40.5,7.75424082402887,30,1
1,40.6,7.77493181695051,30,1
1,40.7,7.79548010364727,30,1
1,40.8,7.81587861740485,30,1
1,40.9,7.83611516936908,30,1
1,41,7.85619200360847,30,1
1,41.1,7.87607583818265,30,1
1,41.2,7.89584359331963,30,1
1,41.3,7.91541916748298,30,1
1,41.4,7.93485279523113,30,1
1,41.5,7.95414718344016,30,1
1,41.6,7.97328208974384,30,1
1,41.7,7.99225984186945,30,1
1,41.8,8.01105016185711,30,1
1,41.9,8.02973126358049,30,1
1,42,8.04825344508193,30,1
1,42.1,8.06658685124566,30,1
1,42.2,8.08480059155757,30,1
1,42.3,8.10285394833896,30,1
1,42.4,8.12077641192062,30,1
1,42.5,8.13853901204039,30,1
1,42.6,8.15615831984105,30,1
1,42.7,8.17360246797053,30,1
1,42.8,8.19091530651059,30,1
1,42.9,8.20810008177452,30,1
1,43,8.22513958164074,30,1
1,43.1,8.24202430994277,30,1
1,43.2,8.25878211992781,30,1
1,43.3,8.27536563626843,30,1
1,43.4,8.2918315428648,30,1
1,43.5,8.30816634433414,30,1
1,43.6,8.32436003507357,30,1
1,43.7,8.34040408378653,30,1
1,43.8,8.35632401990087,30,1
1,43.9,8.37207627973218,30,1
1,44,8.38771416492531,30,1
1,44.1,8.40322401254047,30,1
1,44.2,8.41859732004226,30,1
1,44.3,8.43382641220516,30,1
1,44.4,8.44893471115259,30,1
1,44.5,8.46388607054329,30,1
1,44.6,8.47871874551879,30,1
1,44.7,8.49343089501802,30,1
1,44.8,8.5080175367554,30,1
1,44.9,8.52246542366582,30,1
1,45,8.53679601924335,30,1
1,45.1,8.55097723069217,30,1
1,45.2,8.5650417855391,30,1
1,45.3,8.57899036947805,30,1
1,45.4,8.59281723781595,30,1
1,45.5,8.60651169640209,30,1
1,45.6,8.62009672677211,30,1
1,45.7,8.63354716545783,30,1
1,45.8,8.64688413478785,30,1
1,45.9,8.66010514250105,30,1
1,46,8.67320574883489,30,1
1,46.1,8.68618799858405,30,1
1,46.2,8.69904146241803,30,1
1,46.3,8.71178926568446,30,1
1,46.4,8.72441021316581,30,1
1,46.5,8.73692677687721,30,1
1,46.6,8.74931843777533,30,1
1,46.7,8.76161330054464,30,1
1,46.8,8.77379406947928,30,1
1,46.9,8.78585003353392,30,1
1,47,8.79781128104443,30,1
1,47.1,8.80964674645709,30,1
1,47.2,8.82135746902714,30,1
1,47.3,8.83296809886727,30,1
1,47.4,8.84449603490759,30,1
1,47.5,8.85590517158223,30,1
1,47.6,8.86722122674825,30,1
1,47.7,8.87842270654472,30,1
1,47.8,8.8895279715461,30,1
1,47.9,8.90052056608847,30,1
1,48,8.91142341114026,30,1
1,48.1,8.92222147965817,30,1
1,48.2,8.93290940160984,30,1
1,48.3,8.94350316037778,30,1
1,48.4,8.95400444228217,30,1
1,48.5,8.96439850838192,30,1
1,48.6,8.97470154597431,30,1
1,48.7,8.98489978969113,30,1
1,48.8,8.99501303471095,30,1
1,48.9,9.00503044541731,30,1
1,49,9.01494508410416,30,1
1,49.1,9.02477620029415,30,1
1,49.2,9.03451044970664,30,1
1,49.3,9.0441562685501,30,1
1,49.4,9.05370911236936,30,1
1,49.5,9.06316396895721,30,1
1,49.6,9.07253744025918,30,1
1,49.7,9.08182147584377,30,1
1,49.8,9.09101005626347,30,1
1,49.9,9.10011995750681,30,1
1,50,9.1091420626648,30,1
1,50.1,9.1180709804059,30,1
1,50.2,9.12692325990419,30,1
1,50.3,9.13568970023395,30,1
1,50.4,9.14436546989824,30,1
1,50.5,9.15296607321364,30,1
1,50.6,9.16148305677279,30,1
1,50.7,9.16991208965658,30,1
1,50.8,9.17826693917038,30,1
1,50.9,9.18654060634879,30,1
1,51,9.19472920738202,30,1
1,51.1,9.20284419043156,30,1
1,51.2,9.21087955273355,30,1
1,51.3,9.21883926176675,30,1
1,51.4,9.22672305027196,30,1
1,51.5,9.23452458517294,30,1
1,51.6,9.24225511387583,30,1
1,51.7,9.24991173037257,30,1
1,51.8,9.25749406170542,30,1
1,51.9,9.26500235030645,30,1
1,52,9.272438669229,30,1
1,52.1,9.27980276037821,30,1
1,52.2,9.28709016315005,30,1
1,52.3,9.29430653379853,30,1
1,52.4,9.30145732570299,30,1
1,52.5,9.30853803889616,30,1
1,52.6,9.31555055036436,30,1
1,52.7,9.32249269927033,30,1
1,52.8,9.32936736441274,30,1
1,52.9,9.33617626500606,30,1
1,53,9.34291702974941,30,1
1,53.1,9.34959155665415,30,1
1,53.2,9.35620166243771,30,1
1,53.3,9.36274757223384,30,1
1,53.4,9.36922736134114,30,1
1,53.5,9.37564517808334,30,1
1,53.6,9.38199911554011,30,1
1,53.7,9.38828983143803,30,1
1,53.8,9.39451913258027,30,1
1,53.9,9.4006876881465,30,1
1,54,9.40679484415635,30,1
1,54.1,9.41284226187496,30,1
1,54.2,9.41883062828053,30,1
1,54.3,9.42475632816876,30,1
1,54.4,9.43062585523431,30,1
1,54.5,9.43643747869227,30,1
1,54.6,9.44219179213518,30,1
1,54.7,9.44788941806326,30,1
1,54.8,9.45352978825688,30,1
1,54.9,9.45911444705611,30,1
1,55,9.46464453558341,30,1
1,55.1,9.47011832870039,30,1
1,55.2,9.47553900467408,30,1
1,55.3,9.48090532511466,30,1
1,55.4,9.48621867517669,30,1
1,55.5,9.49147903319143,30,1
1,55.6,9.49668704663233,30,1
1,55.7,9.50184205035283,30,1
1,55.8,9.5069462580839,30,1
1,55.9,9.51199898977212,30,1
1,56,9.51700186715813,30,1
1,56.1,9.52195424576534,30,1
1,56.2,9.52685769464059,30,1
1,56.3,9.53171198421342,30,1
1,56.4,9.53651819575167,30,1
1,56.5,9.54127430393125,30,1
1,56.6,9.54598029058785,30,1
1,56.7,9.55064294181612,30,1
1,56.8,9.55525867715057,30,1
1,56.9,9.5598283997119,30,1
1,57,9.56435246044084,30,1
1,57.1,9.56883128174823,30,1
1,57.2,9.57326420455204,30,1
1,57.3,9.57765287303793,30,1
1,57.4,9.58199761131243,30,1
1,57.5,9.58629882747818,30,1
1,57.6,9.59055692675452,30,1
1,57.7,9.59477231260362,30,1
1,57.8,9.59894443726572,30,1
1,57.9,9.60307571275059,30,1
1,58,9.6071652337535,30,1
1,58.1,9.61121296074451,30,1
1,58.2,9.61521976272786,30,1
1,58.3,9.61918611616978,30,1
1,58.4,9.62311267031792,30,1
1,58.5,9.62699893712711,30,1
1,58.6,9.63084687329666,30,1
1,58.7,9.63465486305246,30,1
1,58.8,9.63842401418549,30,1
1,58.9,9.64215466756117,30,1
1,59,9.64584716601459,30,1
1,59.1,9.64950217034065,30,1
1,59.2,9.6531208843002,30,1
1,59.3,9.65670309760163,30,1
1,59.4,9.66024896481285,30,1
1,59.5,9.66375888022071,30,1
1,59.6,9.66723316159168,30,1
1,59.7,9.67067181151834,30,1
1,59.8,9.6740763975499,30,1
1,59.9,9.67744668902373,30,1
1,60,9.68078236083856,30,1
1,60.1,9.68408450204401,30,1
1,60.2,9.68735272501949,30,1
1,60.3,9.69058807446264,30,1
1,60.4,9.6937901651963,30,1
1,60.5,9.69696002620569,30,1
1,60.6,9.70009727750334,30,1
1,60.7,9.70320292994813,30,1
1,60.8,9.70627661117273,30,1
1,60.9,9.70931931180038,30,1
1,61,9.71233066922111,30,1
1,61.1,9.71531165199414,30,1
1,61.2,9.71826190913371,30,1
1,61.3,9.72118238556526,30,1
1,61.4,9.72407274354518,30,1
1,61.5,9.72693390303317,30,1
1,61.6,9.72976554091691,30,1
1,61.7,9.73256855107672,30,1
1,61.8,9.73534262620137,30,1
1,61.9,9.73808812979454,30,1
1,62,9.74080571780584,30,1
1,62.1,9.74349529623711,30,1
1,62.2,9.74615800684122,30,1
1,62.3,9.74879343787501,30,1
1,62.4,9.75140170771175,30,1
1,62.5,9.75398323398663,30,1
1,62.6,9.75653818866734,30,1
1,62.7,9.75906674985559,30,1
1,62.8,9.76156949176238,30,1
1,62.9,9.76404685557797,30,1
1,63,9.76649852759706,30,1
1,63.1,9.76892510038592,30,1
1,63.2,9.77132689101625,30,1
1,63.3,9.77370391172858,30,1
1,63.4,9.77605656384944,30,1
1,63.5,9.77838499794021,30,1
1,63.6,9.78068977279815,30,1
1,63.7,9.78297051239989,30,1
1,63.8,9.78522758906786,30,1
1,63.9,9.78746140862327,30,1
1,64,9.78967234679303,30,1
1,64.1,9.79186070428718,30,1
1,64.2,9.79402644267594,30,1
1,64.3,9.79616973548633,30,1
1,64.4,9.79829087661159,30,1
1,64.5,9.80039047856137,30,1
1,64.6,9.8024684800526,30,1
1,64.7,9.80452501833766,30,1
1,64.8,9.80656028019274,30,1
1,64.9,9.80857447118776,30,1
1,65,9.81056815433692,30,1
1,65.1,9.81254130077444,30,1
1,65.2,9.81449403696734,30,1
1,65.3,9.81642667113746,30,1
1,65.4,9.81833948123445,30,1
1,65.5,9.82023248503446,30,1
1,65.6,9.82210594459197,30,1
1,65.7,9.82396025086992,30,1
1,65.8,9.82579536150759,30,1
1,65.9,9.82761145279873,30,1
1,66,9.82940870269486,30,1
1,66.1,9.83118728821176,30,1
1,66.2,9.83294766639836,30,1
1,66.3,9.83468986489199,30,1
1,66.4,9.83641410431864,30,1
1,66.5,9.83812065303176,30,1
1,66.6,9.83980949872915,30,1
1,66.7,9.84148075755206,30,1
1,66.8,9.84313477402573,30,1
1,66.9,9.84477151837292,30,1
1,67,9.8463912379867,30,1
1,67.1,9.84799415589553,30,1
1,67.2,9.84958043920605,30,1
1,67.3,9.85115024374809,30,1
1,67.4,9.85270375234476,30,1
1,67.5,9.85424119595948,30,1
1,67.6,9.85576278909769,30,1
1,67.7,9.85726866735693,30,1
1,67.8,9.8587589051907,30,1
1,67.9,9.8602336308819,30,1
1,68,9.86169307409962,30,1
1,68.1,9.86313744838131,30,1
1,68.2,9.86456692706846,30,1
1,68.3,9.86598163398436,30,1
1,68.4,9.86738169871913,30,1
1,68.5,9.86876728235922,30,1
1,68.6,9.87013843585093,30,1
1,68.7,9.87149529714038,30,1
1,68.8,9.87283804431035,30,1
1,68.9,9.87416683478286,30,1
1,69,9.87548182078714,30,1
1,69.1,9.87678314498014,30,1
1,69.2,9.87807094384365,30,1
1,69.3,9.87934535215338,30,1
1,69.4,9.88060650761124,30,1
1,69.5,9.8818545756843,30,1
1,69.6,9.88308971396512,30,1
1,69.7,9.88431208075819,30,1
1,69.8,9.88552179058211,30,1
1,69.9,9.88671893548787,30,1
1,70,9.88790361285776,30,1
1,70.1,9.88907592734726,30,1
1,70.2,9.89023605264235,30,1
1,70.3,9.89138414274463,30,1
1,70.4,9.89252035407397,30,1
1,70.5,9.89364479284544,30,1
1,70.6,9.89475754145594,30,1
1,70.7,9.89585869259133,30,1
1,70.8,9.89694834520995,30,1
1,70.9,9.89802665826756,30,1
1,71,9.89909377345049,30,1
1,71.1,9.90014983445998,30,1
1,71.2,9.90119494125229,30,1
1,71.3,9.90222917308352,30,1
1,71.4,9.9032526180374,30,1
1,71.5,9.90426536960478,30,1
1,71.6,9.90526757333136,30,1
1,71.7,9.90625935965048,30,1
1,71.8,9.90724086067484,30,1
1,71.9,9.90821217037428,30,1
1,72,9.90917336471268,30,1
1,72.1,9.91012452722531,30,1
1,72.2,9.9110657461045,30,1
1,72.3,9.91199715472138,30,1
1,72.4,9.91291887321071,30,1
1,72.5,9.91383102309911,30,1
1,72.6,9.91473369264917,30,1
1,72.7,9.91562695445578,30,1
1,72.8,9.91651088760297,30,1
1,72.9,9.91738557518108,30,1
1,73,9.9182511394874,30,1
1,73.1,9.91910769122208,30,1
1,73.2,9.91995534223164,30,1
1,73.3,9.92079417534992,30,1
1,73.4,9.92162425977367,30,1
1,73.5,9.92244567025558,30,1
1,73.6,9.92325848499053,30,1
1,73.7,9.92406281619403,30,1
1,73.8,9.92485876591706,30,1
1,73.9,9.92564643714778,30,1
1,74,9.92642590756649,30,1
1,74.1,9.92719724298002,30,1
1,74.2,9.927960513947,30,1
1,74.3,9.92871578585075,30,1
1,74.4,9.92946318465455,30,1
1,74.5,9.93020278437725,30,1
1,74.6,9.93093468366133,30,1
1,74.7,9.93165894463871,30,1
1,74.8,9.93237562677961,30,1
1,74.9,9.93308480545758,30,1
1,75,9.93378655604616,30,1
1,75.1,9.93448096301836,30,1
1,75.2,9.93516811886255,30,1
1,75.3,9.93584810763326,30,1
1,75.4,9.93652101334544,30,1
1,75.5,9.93718691095079,30,1
1,75.6,9.9378458530413,30,1
1,75.7,9.93849790780569,30,1
1,75.8,9.93914314455317,30,1
1,75.9,9.93978163282942,30,1
1,76,9.94041344357455,30,1
1,76.1,9.94103864705583,30,1
1,76.2,9.94165731336287,30,1
1,76.3,9.94226951171274,30,1
1,76.4,9.94287529749937,30,1
1,76.5,9.94347473150022,30,1
1,76.6,9.94406787851034,30,1
1,76.7,9.94465480332477,30,1
1,76.8,9.94523557073856,30,1
1,76.9,9.94581024554675,30,1
1,77,9.94637889311173,30,1
1,77.1,9.9469415817885,30,1
1,77.2,9.94749837796382,30,1
1,77.3,9.94804934759632,30,1
1,77.4,9.94859455664464,30,1
1,77.5,9.94913407106739,30,1
1,77.6,9.9496679568232,30,1
1,77.7,9.95019627207427,30,1
1,77.8,9.95071905901816,30,1
1,77.9,9.95123637487318,30,1
1,78,9.95174827774386,30,1
1,78.1,9.95225482573471,30,1
1,78.2,9.95275607695027,30,1
1,78.3,9.95325208949505,30,1
1,78.4,9.95374291484627,30,1
1,78.5,9.95422860070524,30,1
1,78.6,9.95470920124146,30,1
1,78.7,9.95518477063817,30,1
1,78.8,9.95565536307859,30,1
1,78.9,9.95612103274595,30,1
1,79,9.95658183361202,30,1
1,79.1,9.95703780953887,30,1
1,79.2,9.95748900594306,30,1
1,79.3,9.9579354727777,30,1
1,79.4,9.95837725999592,30,1
1,79.5,9.95881441755086,30,1
1,79.6,9.95924699539563,30,1
1,79.7,9.95967504292359,30,1
1,79.8,9.96009860386831,30,1
1,79.9,9.96051772476763,30,1
1,80,9.9609324534411,30,1
1,80.1,9.96134283770825,30,1
1,80.2,9.96174892538863,30,1
1,80.3,9.96215076430177,30,1
1,80.4,9.96254839971877,30,1
1,80.5,9.96294186737636,30,1
1,80.6,9.96333121016548,30,1
1,80.7,9.96371647198893,30,1
1,80.8,9.96409769674955,30,1
1,80.9,9.96447492835016,30,1
1,81,9.96484821069358,30,1
1,81.1,9.96521758403141,30,1
1,81.2,9.96558308353462,30,1
1,81.3,9.96594474996016,30,1
1,81.4,9.96630262423008,30,1
1,81.5,9.96665674726645,30,1
1,81.6,9.96700715999134,30,1
1,81.7,9.96735390332088,30,1
1,81.8,9.96769701197209,30,1
1,81.9,9.96803651927545,30,1
1,82,9.96837246303419,30,1
1,82.1,9.96870488105151,30,1
1,82.2,9.96903381113062,30,1
1,82.3,9.96935929107473,30,1
1,82.4,9.96968135848799,30,1
1,82.5,9.97000004628863,30,1
1,82.6,9.97031538880132,30,1
1,82.7,9.97062742198441,30,1
1,82.8,9.97093618179625,30,1
1,82.9,9.97124170419517,30,1
1,83,9.97154402513954,30,1
1,83.1,9.97184317919896,30,1
1,83.2,9.97213919164161,30,1
1,83.3,9.97243209373456,30,1
1,83.4,9.97272191844042,30,1
1,83.5,9.97300869872184,30,1
1,83.6,9.97329246754144,30,1
1,83.7,9.97357325786185,30,1
1,83.8,9.9738511026457,30,1
1,83.9,9.9741260346623,30,1
1,84,9.97439807986999,30,1
1,84.1,9.97466726601425,30,1
1,84.2,9.97493362372936,30,1
1,84.3,9.97519718364954,30,1
1,84.4,9.97545797640906,30,1
1,84.5,9.97571603264216,30,1
1,84.6,9.97597138298309,30,1
1,84.7,9.97622405806609,30,1
1,84.8,9.97647408347872,30,1
1,84.9,9.97672148170082,30,1
1,85,9.97696628073163,30,1
1,85.1,9.97720850859468,30,1
1,85.2,9.97744819331349,30,1
1,85.3,9.97768536291158,30,1
1,85.4,9.97792004541248,30,1
1,85.5,9.9781522688397,30,1
1,85.6,9.97838201512873,30,1
1,85.7,9.97860940890407,30,1
1,85.8,9.97883440578813,30,1
1,85.9,9.97905703312502,30,1
1,86,9.9792773179453,30,1
1,86.1,9.97949528696593,30,1
1,86.2,9.97971096659029,30,1
1,86.3,9.97992438290819,30,1
1,86.4,9.98013556117288,30,1
1,86.5,9.98034452156406,30,1
1,86.6,9.98055128670157,30,1
1,86.7,9.98075587988726,30,1
1,86.8,9.98095832401341,30,1
1,86.9,9.98115864156273,30,1
1,87,9.98135685460836,30,1
1,87.1,9.98155298481391,30,1
1,87.2,9.98174705343339,30,1
1,87.3,9.98193908131125,30,1
1,87.4,9.9821290888824,30,1
1,87.5,9.98231709617216,30,1
1,87.6,9.9825031227963,30,1
1,87.7,9.98268718796102,30,1
1,87.8,9.98286931093522,30,1
1,87.9,9.98304951735154,30,1
1,88,9.98322782969145,30,1
1,88.1,9.9834042683571,30,1
1,88.2,9.98357885356429,30,1
1,88.3,9.98375160534253,30,1
1,88.4,9.98392254353499,30,1
1,88.5,9.98409168779852,30,1
1,88.6,9.98425905760365,30,1
1,88.7,9.98442467223459,30,1
1,88.8,9.98458855078922,30,1
1,88.9,9.98475071186626,30,1
1,89,9.98491117158397,30,1
1,89.1,9.98506994716667,30,1
1,89.2,9.98522705600263,30,1
1,89.3,9.98538251521863,30,1
1,89.4,9.98553634167991,30,1
1,89.5,9.98568855199019,30,1
1,89.6,9.98583916249167,30,1
1,89.7,9.98598818926502,30,1
1,89.8,9.98613564812939,30,1
1,89.9,9.98628155464241,30,1
1,90,9.98642592477056,30,1
1,90.1,9.98656877699739,30,1
1,90.2,9.98671012758015,30,1
1,90.3,9.98684999228402,30,1
1,90.4,9.98698838670945,30,1
1,90.5,9.98712532629219,30,1
1,90.6,9.98726082630328,30,1
1,90.7,9.98739490184901,30,1
1,90.8,9.98752756787098,30,1
1,90.9,9.98765883914607,30,1
1,91,9.98778873028642,30,1
1,91.1,9.9879172557994,30,1
1,91.2,9.98804443017048,30,1
1,91.3,9.98817026759663,30,1
1,91.4,9.98829478210625,30,1
1,91.5,9.98841798756877,30,1
1,91.6,9.98853989769465,30,1
1,91.7,9.98866052603535,30,1
1,91.8,9.98877988598339,30,1
1,91.9,9.98889799077229,30,1
1,92,9.98901485347662,30,1
1,92.1,9.98913048701196,30,1
1,92.2,9.98924490436363,30,1
1,92.3,9.98935811865222,30,1
1,92.4,9.98947014251467,30,1
1,92.5,9.98958098843603,30,1
1,92.6,9.98969066875789,30,1
1,92.7,9.98979919567845,30,1
1,92.8,9.98990658125246,30,1
1,92.9,9.99001283739128,30,1
1,93,9.99011797586281,30,1
1,93.1,9.99022200829154,30,1
1,93.2,9.99032494615856,30,1
1,93.3,9.99042680122242,30,1
1,93.4,9.99052758527595,30,1
1,93.5,9.99062730954312,30,1
1,93.6,9.99072598511341,30,1
1,93.7,9.99082362294259,30,1
1,93.8,9.99092023385268,30,1
1,93.9,9.99101582853193,30,1
1,94,9.99111041753489,30,1
1,94.1,9.99120401128234,30,1
1,94.2,9.99129662006132,30,1
1,94.3,9.99138825402513,30,1
1,94.4,9.99147892319332,30,1
1,94.5,9.99156863745172,30,1
1,94.6,9.99165740655239,30,1
1,94.7,9.99174524011365,30,1
1,94.8,9.9918321476201,30,1
1,94.9,9.99191813888912,30,1
1,95,9.99200322522353,30,1
1,95.1,9.99208741637583,30,1
1,95.2,9.99217072180488,30,1
1,95.3,9.99225315086336,30,1
1,95.4,9.9923347127978,30,1
1,95.5,9.99241541674858,30,1
1,95.6,9.99249527174991,30,1
1,95.7,9.99257428672985,30,1
1,95.8,9.99265247051032,30,1
1,95.9,9.99272983180706,30,1
1,96,9.99280637922965,30,1
1,96.1,9.99288212128154,30,1
1,96.2,9.99295706636001,30,1
1,96.3,9.99303122275617,30,1
1,96.4,9.993104598655,30,1
1,96.5,9.99317720216425,30,1
1,96.6,9.99324904193805,30,1
1,96.7,9.99332012626289,30,1
1,96.8,9.99339046308438,30,1
1,96.9,9.9934600602522,30,1
1,97,9.99352892552012,30,1
1,97.1,9.99359706654596,30,1
1,97.2,9.99366449089164,30,1
1,97.3,9.99373120602315,30,1
1,97.4,9.99379721931056,30,1
1,97.5,9.993862538028,30,1
1,97.6,9.9939271693537,30,1
1,97.7,9.99399112036996,30,1
1,97.8,9.99405439806313,30,1
1,97.9,9.99411700932368,30,1
1,98,9.99417896094613,30,1
1,98.1,9.99424025962907,30,1
1,98.2,9.99430091262878,30,1
1,98.3,9.99436092759721,30,1
1,98.4,9.99442031126122,30,1
1,98.5,9.99447907026065,30,1
1,98.6,9.99453721115674,30,1
1,98.7,9.99459474043213,30,1
1,98.8,9.99465166449088,30,1
1,98.9,9.99470798965845,30,1
1,99,9.99476372218171,30,1
1,99.1,9.99481886822893,30,1
1,99.2,9.99487343388979,30,1
1,99.3,9.99492742517537,30,1
1,99.4,9.99498084801817,30,1
1,99.5,9.99503370827208,30,1
1,99.6,9.99508601171241,30,1
1,99.7,9.99513776403586,30,1
1,99.8,9.99518897102569,30,1
1,99.9,9.99523963914923,30,1
1,100,9.99528977419304,30,1
1,100.1,9.99533938176517,30,1
1,100.2,9.99538846740731,30,1
1,100.3,9.99543703659482,30,1
1,100.4,9.99548509473678,30,1
1,100.5,9.99553264717589,30,1
1,100.6,9.99557969918856,30,1
1,100.7,9.99562625598486,30,1
1,100.8,9.99567232270855,30,1
1,100.9,9.99571790443705,30,1
1,101,9.99576300618146,30,1
1,101.1,9.99580763288655,30,1
1,101.2,9.99585178943078,30,1
1,101.3,9.99589548062628,30,1
1,101.4,9.99593871123777,30,1
1,101.5,9.99598148670076,30,1
1,101.6,9.9960238121542,30,1
1,101.7,9.9960656923358,30,1
1,101.8,9.99610713192637,30,1
1,101.9,9.99614813554978,30,1
1,102,9.996188707773,30,1
1,102.1,9.99622885310607,30,1
1,102.2,9.9962685760021,30,1
1,102.3,9.99630788085731,30,1
1,102.4,9.99634677201098,30,1
1,102.5,9.99638525374546,30,1
1,102.6,9.99642333028621,30,1
1,102.7,9.99646100580175,30,1
1,102.8,9.99649828440369,30,1
1,102.9,9.99653517014671,30,1
1,103,9.99657166702858,30,1
1,103.1,9.99660777899015,30,1
1,103.2,9.99664350991535,30,1
1,103.3,9.99667886384794,30,1
1,103.4,9.99671384561729,30,1
1,103.5,9.99674845926388,30,1
1,103.6,9.99678270867098,30,1
1,103.7,9.99681659767592,30,1
1,103.8,9.99685013007007,30,1
1,103.9,9.99688330959888,30,1
1,104,9.99691613996182,30,1
1,104.1,9.99694862481246,30,1
1,104.2,9.99698076775838,30,1
1,104.3,9.99701257236124,30,1
1,104.4,9.99704404213676,30,1
1,104.5,9.99707518055469,30,1
1,104.6,9.99710599103887,30,1
1,104.7,9.99713647696717,30,1
1,104.8,9.99716664167152,30,1
1,104.9,9.99719648843791,30,1
1,105,9.99722602050638,30,1
1,105.1,9.99725524107103,30,1
1,105.2,9.99728415371098,30,1
1,105.3,9.9973127621148,30,1
1,105.4,9.99734106949179,30,1
1,105.5,9.99736907901237,30,1
1,105.6,9.99739679380865,30,1
1,105.7,9.99742421697436,30,1
1,105.8,9.9974513515649,30,1
1,105.9,9.99747820059731,30,1
1,106,9.99750476705031,30,1
1,106.1,9.99753105386425,30,1
1,106.2,9.99755706394113,30,1
1,106.3,9.9975828001446,30,1
1,106.4,9.99760826529999,30,1
1,106.5,9.99763346219426,30,1
1,106.6,9.99765839357602,30,1
1,106.7,9.99768306215554,30,1
1,106.8,9.99770747060475,30,1
1,106.9,9.99773162155721,30,1
1,107,9.99775551766033,30,1
1,107.1,9.99777916211057,30,1
1,107.2,9.99780255772335,30,1
1,107.3,9.99782570712166,30,1
1,107.4,9.99784861289712,30,1
1,107.5,9.99787127760998,30,1
1,107.6,9.99789370378912,30,1
1,107.7,9.99791589393204,30,1
1,107.8,9.9979378505049,30,1
1,107.9,9.99795957594245,30,1
1,108,9.99798107264811,30,1
1,108.1,9.99800234299389,30,1
1,108.2,9.99802338932045,30,1
1,108.3,9.9980442139371,30,1
1,108.4,9.99806481912175,30,1
1,108.5,9.99808520712095,30,1
1,108.6,9.99810538014988,30,1
1,108.7,9.99812534039235,30,1
1,108.8,9.9981450900008,30,1
1,108.9,9.99816462665236,30,1
1,109,9.99818396339234,30,1
1,109.1,9.99820309637365,30,1
1,109.2,9.99822202778289,30,1
1,109.3,9.99824075977615,30,1
1,109.4,9.99825929447931,30,1
1,109.5,9.9982776339883,30,1
1,109.6,9.99829578036946,30,1
1,109.7,9.99831373565981,30,1
1,109.8,9.99833150186738,30,1
1,109.9,9.99834908097149,30,1
1,110,9.9983664749231,30,1
1,110.1,9.99838368564505,30,1
1,110.2,9.99840071503242,30,1
1,110.3,9.99841756495282,30,1
1,110.4,9.99843423724668,30,1
1,110.5,9.99845073372759,30,1
1,110.6,9.99846705618257,30,1
1,110.7,9.99848320637692,30,1
1,110.8,9.99849918635969,30,1
1,110.9,9.99851499808622,30,1
1,111,9.9985306433206,30,1
1,111.1,9.99854612380702,30,1
1,111.2,9.99856144127021,30,1
1,111.3,9.99857659741587,30,1
1,111.4,9.99859159393112,30,1
1,111.5,9.99860643248492,30,1
1,111.6,9.99862111472853,30,1
1,111.7,9.99863564229593,30,1
1,111.8,9.99865001680427,30,1
1,111.9,9.99866423985431,30,1
1,112,9.99867831303084,30,1
1,112.1,9.99869223790314,30,1
1,112.2,9.99870601602541,30,1
1,112.3,9.9987196489372,30,1
1,112.4,9.99873313816385,30,1
1,112.5,9.99874648521695,30,1
1,112.6,9.99875969159475,30,1
1,112.7,9.99877275878262,30,1
1,112.8,9.99878568825346,30,1
1,112.9,9.99879848146817,30,1
1,113,9.99881113987608,30,1
1,113.1,9.99882366491536,30,1
1,113.2,9.99883605794425,30,1
1,113.3,9.99884832020023,30,1
1,113.4,9.99886045304713,30,1
1,113.5,9.99887245784326,30,1
1,113.6,9.9988843359355,30,1
1,113.7,9.99889608865969,30,1
1,113.8,9.99890771734097,30,1
1,113.9,9.99891922329421,30,1
1,114,9.99893060782433,30,1
1,114.1,9.99894187222671,30,1
1,114.2,9.99895301778758,30,1
1,114.3,9.99896404578432,30,1
1,114.4,9.99897495748594,30,1
1,114.5,9.99898575415337,30,1
1,114.6,9.99899643703987,30,1
1,114.7,9.9990070073914,30,1
1,114.8,9.99901746644702,30,1
1,114.9,9.99902781543921,30,1
1,115,9.9990380555943,30,1
1,115.1,9.99904818813282,30,1
1,115.2,9.99905821426986,30,1
1,115.3,9.99906813521548,30,1
1,115.4,9.99907795217507,30,1
1,115.5,9.99908766634971,30,1
1,115.6,9.99909727887422,30,1
1,115.7,9.99910679030291,30,1
1,115.8,9.99911620155639,30,1
1,115.9,9.99912551368691,30,1
1,116,9.99913472773571,30,1
1,116.1,9.99914384473319,30,1
1,116.2,9.99915286569911,30,1
1,116.3,9.99916179164265,30,1
1,116.4,9.99917062356268,30,1
1,116.5,9.99917936244781,30,1
1,116.6,9.99918800927663,30,1
1,116.7,9.99919656501779,30,1
1,116.8,9.99920503063023,30,1
1,116.9,9.99921340706326,30,1
1,117,9.99922169525679,30,1
1,117.1,9.99922989614142,30,1
1,117.2,9.99923801063863,30,1
1,117.3,9.99924603966095,30,1
1,117.4,9.99925398411206,30,1
1,117.5,9.99926184488701,30,1
1,117.6,9.99926962287231,30,1
1,117.7,9.99927731894615,30,1
1,117.8,9.99928493397852,30,1
1,117.9,9.99929246883135,30,1
1,118,9.99929992435868,30,1
1,118.1,9.9993073013549,30,1
1,118.2,9.99931460060042,30,1
1,118.3,9.99932182291077,30,1
1,118.4,9.99932896909319,30,1
1,118.5,9.9993360399468,30,1
1,118.6,9.99934303626265,30,1
1,118.7,9.99934995882396,30,1
1,118.8,9.99935680840614,30,1
1,118.9,9.99936358577699,30,1
1,119,9.99937029169679,30,1
1,119.1,9.99937692691847,30,1
1,119.2,9.99938349218767,30,1
1,119.3,9.99938998824295,30,1
1,119.4,9.99939641581588,30,1
1,119.5,9.99940277563113,30,1
1,119.6,9.9994090684067,30,1
1,119.7,9.99941529485393,30,1
1,119.8,9.99942145567772,30,1
1,119.9,9.99942755157662,30,1
1,120,9.99943358324296,30,1
1,120.1,9.99943955136298,30,1
1,120.2,9.99944545661697,30,1
1,120.3,9.99945129967939,30,1
1,120.4,9.99945708121899,30,1
1,120.5,9.99946280187603,30,1
1,120.6,9.99946846222086,30,1
1,120.7,9.99947406288219,30,1
1,120.8,9.99947960448891,30,1
1,120.9,9.99948508766373,30,1
1,121,9.99949051302323,30,1
1,121.1,9.99949588117799,30,1
1,121.2,9.99950119273269,30,1
1,121.3,9.9995064482862,30,1
1,121.4,9.99951164843168,30,1
1,121.5,9.99951679375669,30,1
1,121.6,9.99952188484326,30,1
1,121.7,9.99952692226803,30,1
1,121.8,9.99953190660234,30,1
1,121.9,9.99953683841229,30,1
1,122,9.99954171825891,30,1
1,122.1,9.99954654669817,30,1
1,122.2,9.99955132428117,30,1
1,122.3,9.99955605155419,30,1
1,122.4,9.99956072905878,30,1
1,122.5,9.9995653573319,30,1
1,122.6,9.99956993690599,30,1
1,122.7,9.99957446830907,30,1
1,122.8,9.99957895206484,30,1
1,122.9,9.9995833886881,30,1
1,123,9.99958777860137,30,1
1,123.1,9.99959212226502,30,1
1,123.2,9.99959642016562,30,1
1,123.3,9.99960067278459,30,1
1,123.4,9.99960488059827,30,1
1,123.5,9.999609044078,30,1
1,123.6,9.99961316369017,30,1
1,123.7,9.99961723989627,30,1
1,123.8,9.99962127315301,30,1
1,123.9,9.99962526391232,30,1
1,124,9.99962921262144,30,1
1,124.1,9.99963311972303,30,1
1,124.2,9.99963698565515,30,1
1,124.3,9.9996408108514,30,1
1,124.4,9.99964459574094,30,1
1,124.5,9.99964834074859,30,1
1,124.6,9.99965204629486,30,1
1,124.7,9.99965571279604,30,1
1,124.8,9.99965934066426,30,1
1,124.9,9.99966293030754,30,1
1,125,9.99966648212989,30,1
1,125.1,9.99966999653135,30,1
1,125.2,9.99967347390804,30,1
1,125.3,9.99967691465226,30,1
1,125.4,9.9996803191361,30,1
1,125.5,9.99968368771787,30,1
1,125.6,9.99968702077392,30,1
1,125.7,9.99969031867698,30,1
1,125.8,9.99969358179608,30,1
1,125.9,9.99969681049653,30,1
1,126,9.99970000514006,30,1
1,126.1,9.99970316608483,30,1
1,126.2,9.99970629368551,30,1
1,126.3,9.99970938829335,30,1
1,126.4,9.99971245025622,30,1
1,126.5,9.9997154799187,30,1
1,126.6,9.99971847762208,30,1
1,126.7,9.99972144370452,30,1
1,126.8,9.99972437850102,30,1
1,126.9,9.99972728234352,30,1
1,127,9.99973015556096,30,1
1,127.1,9.99973299847934,30,1
1,127.2,9.99973581142179,30,1
1,127.3,9.99973859470859,30,1
1,127.4,9.9997413486573,30,1
1,127.5,9.99974407358275,30,1
1,127.6,9.99974676979715,30,1
1,127.7,9.99974943761013,30,1
1,127.8,9.99975207732881,30,1
1,127.9,9.99975468925784,30,1
1,128,9.9997572736995,30,1
1,128.1,9.99975983095374,30,1
1,128.2,9.99976236131821,30,1
1,128.3,9.99976486508838,30,1
1,128.4,9.99976734255756,30,1
1,128.5,9.99976979401697,30,1
1,128.6,9.99977221975582,30,1
1,128.7,9.99977462000332,30,1
1,128.8,9.99977699493853,30,1
1,128.9,9.99977934482567,30,1
1,129,9.99978166992768,30,1
1,129.1,9.99978397050492,30,1
1,129.2,9.99978624681519,30,1
1,129.3,9.99978849911381,30,1
1,129.4,9.99979072765358,30,1
1,129.5,9.99979293268493,30,1
1,129.6,9.99979511445589,30,1
1,129.7,9.99979727321217,30,1
1,129.8,9.99979940919718,30,1
1,129.9,9.99980152265208,30,1
1,130,9.99980361381587,30,1
1,130.1,9.99980568292534,30,1
1,130.2,9.99980773021522,30,1
1,130.3,9.99980975591815,30,1
1,130.4,9.99981176026475,30,1
1,130.5,9.99981374348367,30,1
1,130.6,9.99981570580161,30,1
1,130.7,9.9998176474434,30,1
1,130.8,9.99981956863201,30,1
1,130.9,9.99982146958864,30,1
1,131,9.9998233505327,30,1
1,131.1,9.99982521168191,30,1
1,131.2,9.99982705325231,30,1
1,131.3,9.99982887545832,30,1
1,131.4,9.99983067851279,30,1
1,131.5,9.99983246262704,30,1
1,131.6,9.99983422801088,30,1
1,131.7,9.99983597487269,30,1
1,131.8,9.99983770341944,30,1
1,131.9,9.99983941385676,30,1
1,132,9.99984110634439,30,1
1,132.1,9.99984278099284,30,1
1,132.2,9.99984443798694,30,1
1,132.3,9.99984607751155,30,1
1,132.4,9.99984769974967,30,1
1,132.5,9.99984930488244,30,1
1,132.6,9.99985089308921,30,1
1,132.7,9.99985246454752,30,1
1,132.8,9.99985401943318,30,1
1,132.9,9.99985555792027,30,1
1,133,9.99985708018117,30,1
1,133.1,9.99985858638662,30,1
1,133.2,9.9998600767057,30,1
1,133.3,9.9998615513059,30,1
1,133.4,9.99986301035316,30,1
1,133.5,9.99986445401184,30,1
1,133.6,9.99986588244482,30,1
1,133.7,9.99986729581349,30,1
1,133.8,9.99986869427779,30,1
1,133.9,9.99987007799624,30,1
1,134,9.99987144712597,30,1
1,134.1,9.99987280182274,30,1
1,134.2,9.999874142241,30,1
1,134.3,9.9998754685339,30,1
1,134.4,9.99987678085329,30,1
1,134.5,9.99987807934983,30,1
1,134.6,9.99987936417293,30,1
1,134.7,9.99988063547084,30,1
1,134.8,9.99988189339066,30,1
1,134.9,9.99988313807838,30,1
1,135,9.9998843696789,30,1
1,135.1,9.99988558833604,30,1
1,135.2,9.99988679419262,30,1
1,135.3,9.99988798736881,30,1
1,135.4,9.99988916795455,30,1
1,135.5,9.99989033608015,30,1
1,135.6,9.99989149187621,30,1
1,135.7,9.99989263547203,30,1
1,135.8,9.99989376699567,30,1
1,135.9,9.99989488657397,30,1
1,136,9.99989599433257,30,1
1,136.1,9.99989709039592,30,1
1,136.2,9.99989817488731,30,1
1,136.3,9.99989924792891,30,1
1,136.4,9.99990030964177,30,1
1,136.5,9.99990136014585,30,1
1,136.6,9.99990239956004,30,1
1,136.7,9.99990342800219,30,1
1,136.8,9.99990444558913,30,1
1,136.9,9.9999054524367,30,1
1,137,9.99990644865975,30,1
1,137.1,9.99990743437217,30,1
1,137.2,9.99990840968694,30,1
1,137.3,9.99990937471613,30,1
1,137.4,9.99991032957091,30,1
1,137.5,9.9999112743616,30,1
1,137.6,9.99991220919767,30,1
1,137.7,9.99991313418779,30,1
1,137.8,9.99991404943981,30,1
1,137.9,9.99991495506084,30,1
1,138,9.99991585115721,30,1
1,138.1,9.99991673783454,30,1
1,138.2,9.99991761519775,30,1
1,138.3,9.99991848335107,30,1
1,138.4,9.99991934239808,30,1
1,138.5,9.99992019244171,30,1
1,138.6,9.99992103356475,30,1
1,138.7,9.9999218658168,30,1
1,138.8,9.99992268928886,30,1
1,138.9,9.99992350407316,30,1
1,139,9.99992431026097,30,1
1,139.1,9.99992510794271,30,1
1,139.2,9.99992589720787,30,1
1,139.3,9.99992667814509,30,1
1,139.4,9.99992745084215,30,1
1,139.5,9.999928215386,30,1
1,139.6,9.99992897186273,30,1
1,139.7,9.99992972035766,30,1
1,139.8,9.99993046095529,30,1
1,139.9,9.99993119373935,30,1
1,140,9.9999319187928,30,1
1,140.1,9.99993263619784,30,1
1,140.2,9.99993334603595,30,1
1,140.3,9.99993404838789,30,1
1,140.4,9.9999347433337,30,1
1,140.5,9.99993543095274,30,1
1,140.6,9.99993611132371,30,1
1,140.7,9.99993678452462,30,1
1,140.8,9.99993745063286,30,1
1,140.9,9.99993810972517,30,1
1,141,9.99993876187771,30,1
1,141.1,9.999939407166,30,1
1,141.2,9.999940045665,30,1
1,141.3,9.9999406774491,30,1
1,141.4,9.99994130259213,30,1
1,141.5,9.99994192116738,30,1
1,141.6,9.99994253324763,30,1
1,141.7,9.99994313890515,30,1
1,141.8,9.99994373821169,30,1
1,141.9,9.99994433433327,30,1
1,142,9.99994492064619,30,1
1,142.1,9.99994550082519,30,1
1,142.2,9.99994607493011,30,1
1,142.3,9.99994664302043,30,1
1,142.4,9.99994720515532,30,1
1,142.5,9.9999477613936,30,1
1,142.6,9.99994831179373,30,1
1,142.7,9.99994885641388,30,1
1,142.8,9.99994939531185,30,1
1,142.9,9.9999499285451,30,1
1,143,9.99995045617078,30,1
1,143.1,9.99995097824569,30,1
1,143.2,9.99995149482628,30,1
1,143.3,9.99995200596867,30,1
1,143.4,9.99995251172865,30,1
1,143.5,9.99995301216167,30,1
1,143.6,9.99995350732285,30,1
1,143.7,9.99995399726696,30,1
1,143.8,9.99995448204843,30,1
1,143.9,9.99995496172137,30,1
1,144,9.99995543633954,30,1
2,0,0,70,1
2,0.1,0.00388261163589509,70,1
2,0.2,0.00775741036527111,70,1
2,0.3,0.0116415939381963,70,1
2,0.4,0.0155208121103463,70,1
2,0.5,0.0193690237026819,70,1
2,0.6,0.0232655028146597,70,1
2,0.7,0.0270889249677673,70,1
2,0.8,0.0310030350447845,70,1
2,0.9,0.0348420806897519,70,1
2,1,0.0387654513517836,70,1
2,1.1,0.0426821855216594,70,1
2,1.2,0.0466377990102013,70,1
2,1.3,0.0505863947952951,70,1
2,1.4,0.0545696980653698,70,1
2,1.5,0.0584954749660564,70,1
2,1.6,0.0625077529926838,70,1
2,1.7,0.0665437928426258,70,1
2,1.8,0.0705337427341212,70,1
2,1.9,0.0745964336464979,70,1
2,2,0.0787346844649528,70,1
2,2.1,0.0828021164547191,70,1
2,2.2,0.0870002195077909,70,1
2,2.3,0.0912175414092953,70,1
2,2.4,0.095375239262495,70,1
2,2.5,0.099649092063455,70,1
2,2.6,0.103958658372958,70,1
2,2.7,0.108221081108986,70,1
2,2.8,0.112582387052992,70,1
2,2.9,0.117040268660396,70,1
2,3,0.121421300529223,70,1
2,3.1,0.125968821161362,70,1
2,3.2,0.130545720135756,70,1
2,3.3,0.13505869516216,70,1
2,3.4,0.139719882342877,70,1
2,3.5,0.14442959780896,70,1
2,3.6,0.149089897069989,70,1
2,3.7,0.15387681388374,70,1
2,3.8,0.15878391752205,70,1
2,3.9,0.163606295967345,70,1
2,4,0.16863394803633,70,1
2,4.1,0.173702080523362,70,1
2,4.2,0.17870068807154,70,1
2,4.3,0.18388156185328,70,1
2,4.4,0.189125389191994,70,1
2,4.5,0.194316831460592,70,1
2,4.6,0.199663509849035,70,1
2,4.7,0.205157622904003,70,1
2,4.8,0.210557792759824,70,1
2,4.9,0.216204275388651,70,1
2,5,0.221904148005827,70,1
2,5.1,0.227528242568918,70,1
2,5.2,0.23336959490099,70,1
2,5.3,0.239290954059364,70,1
2,5.4,0.245157074612539,70,1
2,5.5,0.251206492809142,70,1
2,5.6,0.257435577785255,70,1
2,5.7,0.263560983713951,70,1
2,5.8,0.269974461677472,70,1
2,5.9,0.276457244799048,70,1
2,6,0.28285836547196,70,1
2,6.1,0.289510682403585,70,1
2,6.2,0.296264082173951,70,1
2,6.3,0.302960740629566,70,1
2,6.4,0.30986571175641,70,1
2,6.5,0.316989337226394,70,1
2,6.6,0.324000333538412,70,1
2,6.7,0.331339171749159,70,1
2,6.8,0.338767906012442,70,1
2,6.9,0.346111022658233,70,1
2,7,0.353734918120702,70,1
2,7.1,0.361578174617992,70,1
2,7.2,0.369276742261156,70,1
2,7.3,0.377377671561692,70,1
2,7.4,0.385471580930517,70,1
2,7.5,0.39382419167341,70,1
2,7.6,0.402018109341104,70,1
2,7.7,0.410426425079456,70,1
2,7.8,0.419117876253898,70,1
2,7.9,0.427997035365883,70,1
2,8,0.436885611585797,70,1
2,8.1,0.446080336230547,70,1
2,8.2,0.45510305706306,70,1
2,8.3,0.46459011319822,70,1
2,8.4,0.47389823143178,70,1
2,8.5,0.483625765090204,70,1
2,8.6,0.49343447961336,70,1
2,8.7,0.503490972744152,70,1
2,8.8,0.513615082998562,70,1
2,8.9,0.523963769531463,70,1
2,9,0.534210132228,70,1
2,9.1,0.544813309784782,70,1
2,9.2,0.555748453545176,70,1
2,9.3,0.566500493234535,70,1
2,9.4,0.577780804628071,70,1
2,9.5,0.589194300509442,70,1
2,9.6,0.600473518472728,70,1
2,9.7,0.612188287582975,70,1
2,9.8,0.624243168031738,70,1
2,9.9,0.636073925388015,70,1
2,10,0.648524858700025,70,1
2,10.1,0.661098301748952,70,1
2,10.2,0.673502596688152,70,1
2,10.3,0.686421150834574,70,1
2,10.4,0.699534155755977,70,1
2,10.5,0.712540054748407,70,1
2,10.6,0.725939140308921,70,1
2,10.7,0.73977558009064,70,1
2,10.8,0.75340822514445,70,1
2,10.9,0.767630060034189,70,1
2,11,0.782045018657561,70,1
2,11.1,0.796326585521558,70,1
2,11.2,0.811058350570101,70,1
2,11.3,0.826250051833373,70,1
2,11.4,0.841205879528189,70,1
2,11.5,0.856817587259937,70,1
2,11.6,0.872625247610481,70,1
2,11.7,0.888277241123076,70,1
2,11.8,0.904424724474184,70,1
2,11.9,0.921061038437947,70,1
2,12,0.937434343680893,70,1
2,12.1,0.954516139450977,70,1
2,12.2,0.971803158062844,70,1
2,12.3,0.988918968398036,70,1
2,12.4,1.00655747108588,70,1
2,12.5,1.02472241438307,70,1
2,12.6,1.04260521903605,70,1
2,12.7,1.06122794965971,70,1
2,12.8,1.08007442391028,70,1
2,12.9,1.09874419344402,70,1
2,13,1.11793814448196,70,1
2,13.1,1.13770776602599,70,1
2,13.2,1.15718779977572,70,1
2,13.3,1.17740963445501,70,1
2,13.4,1.198119626736,70,1
2,13.5,1.21842347858242,70,1
2,13.6,1.23969293702553,70,1
2,13.7,1.26111829546347,70,1
2,13.8,1.28226316638404,70,1
2,13.9,1.30411281423069,70,1
2,14,1.32651535277713,70,1
2,14.1,1.34852176179556,70,1
2,14.2,1.37144995415232,70,1
2,14.3,1.39458315522955,70,1
2,14.4,1.41746553468865,70,1
2,14.5,1.44096568766189,70,1
2,14.6,1.46510447483483,70,1
2,14.7,1.48888057196352,70,1
2,14.8,1.51347891097419,70,1
2,14.9,1.53862907481057,70,1
2,15,1.56330445854773,70,1
2,15.1,1.589005454509,70,1
2,15.2,1.61488876217023,70,1
2,15.3,1.64047270464827,70,1
2,15.4,1.6667117665216,70,1
2,15.5,1.6936203620467,70,1
2,15.6,1.72012541805604,70,1
2,15.7,1.74746656075397,70,1
2,15.8,1.77539685114634,70,1
2,15.9,1.80282197465042,70,1
2,16,1.83125744817502,70,1
2,16.1,1.85989838755738,70,1
2,16.2,1.88824628351246,70,1
2,16.3,1.91715371814869,70,1
2,16.4,1.94681211598228,70,1
2,16.5,1.97608877781172,70,1
2,16.6,2.00606610140626,70,1
2,16.7,2.03672739396519,70,1
2,16.8,2.06692391939712,70,1
2,16.9,2.09794944674329,70,1
2,17,2.12959599178728,70,1
2,17.1,2.16070089873256,70,1
2,17.2,2.19274809924011,70,1
2,17.3,2.22535845915211,70,1
2,17.4,2.25735761197819,70,1
2,17.5,2.29039504916546,70,1
2,17.6,2.32360717178732,70,1
2,17.7,2.35744095417946,70,1
2,17.8,2.39130931342061,70,1
2,17.9,2.42475784785137,70,1
2,18,2.45871271731427,70,1
2,18.1,2.49344493628267,70,1
2,18.2,2.52775584964863,70,1
2,18.3,2.56260418382783,70,1
2,18.4,2.59820350375662,70,1
2,18.5,2.63335176205066,70,1
2,18.6,2.66904335270785,70,1
2,18.7,2.70546977347396,70,1
2,18.8,2.74142769582016,70,1
2,18.9,2.77790869784427,70,1
2,19,2.81511897248567,70,1
2,19.1,2.85185626565773,70,1
2,19.2,2.88906851520818,70,1
2,19.3,2.92701599810316,70,1
2,19.4,2.9644998413514,70,1
2,19.5,3.00238112606085,70,1
2,19.6,3.04101597321035,70,1
2,19.7,3.08020008658104,70,1
2,19.8,3.11930181171103,70,1
2,19.9,3.15792683557238,70,1
2,20,3.19679151736744,70,1
2,20.1,3.23681490887829,70,1
2,20.2,3.27608049730349,70,1
2,20.3,3.31615684939234,70,1
2,20.4,3.35670007429806,70,1
2,20.5,3.39655144290285,70,1
2,20.6,3.43702164225409,70,1
2,20.7,3.47802711977586,70,1
2,20.8,3.51842263571065,70,1
2,20.9,3.55921051363052,70,1
2,21,3.60061770484848,70,1
2,21.1,3.64247873140796,70,1
2,21.2,3.68415654083334,70,1
2,21.3,3.72626022820753,70,1
2,21.4,3.76816643592628,70,1
2,21.5,3.81048342541885,70,1
2,21.6,3.8529591433733,70,1
2,21.7,3.89464070091156,70,1
2,21.8,3.93679740083294,70,1
2,21.9,3.97941741301398,70,1
2,22,4.02143889993509,70,1
2,22.1,4.06357098487972,70,1
2,22.2,4.10667412232268,70,1
2,22.3,4.14898239229108,70,1
2,22.4,4.19171805925017,70,1
2,22.5,4.23485733663324,70,1
2,22.6,4.27739249185333,70,1
2,22.7,4.31992030273207,70,1
2,22.8,4.36338799655044,70,1
2,22.9,4.40609766036651,70,1
2,23,4.44903610899929,70,1
2,23.1,4.49239341491265,70,1
2,23.2,4.53601796382918,70,1
2,23.3,4.57965604585793,70,1
2,23.4,4.62250506410556,70,1
2,23.5,4.66546738541503,70,1
2,23.6,4.70917436876014,70,1
2,23.7,4.75203997616943,70,1
2,23.8,4.7951430402844,70,1
2,23.9,4.83853969513522,70,1
2,24,4.88212609538363,70,1
2,24.1,4.92565808026859,70,1
2,24.2,4.96841029819344,70,1
2,24.3,5.01111536948373,70,1
2,24.4,5.05451465459041,70,1
2,24.5,5.0971381608623,70,1
2,24.6,5.13973220544219,70,1
2,24.7,5.18296001129802,70,1
2,24.8,5.22539963784537,70,1
2,24.9,5.26778673543417,70,1
2,25,5.31076923236454,70,1
2,25.1,5.35297263623763,70,1
2,25.2,5.39506219906485,70,1
2,25.3,5.43772969561048,70,1
2,25.4,5.47964743091044,70,1
2,25.5,5.52135362914976,70,1
2,25.6,5.56364040702932,70,1
2,25.7,5.60522600075859,70,1
2,25.8,5.64646799642371,70,1
2,25.9,5.68831244205998,70,1
2,26,5.73016283212139,70,1
2,26.1,5.77180752163423,70,1
2,26.2,5.81272161791807,70,1
2,26.3,5.85323191419328,70,1
2,26.4,5.89429957741172,70,1
2,26.5,5.93533460651035,70,1
2,26.6,5.97613399063157,70,1
2,26.7,6.01687360683568,70,1
2,26.8,6.0573648004627,70,1
2,26.9,6.09713549510368,70,1
2,27,6.13643080659038,70,1
2,27.1,6.17622057689709,70,1
2,27.2,6.21603313397595,70,1
2,27.3,6.25537154889337,70,1
2,27.4,6.29473624906095,70,1
2,27.5,6.33385320046645,70,1
2,27.6,6.37275065533519,70,1
2,27.7,6.41104095859266,70,1
2,27.8,6.44960898174023,70,1
2,27.9,6.48795306843965,70,1
2,28,6.52603515219806,70,1
2,28.1,6.5638819115177,70,1
2,28.2,6.60113233001104,70,1
2,28.3,6.6385630333172,70,1
2,28.4,6.67525418995057,70,1
2,28.5,6.71150347938056,70,1
2,28.6,6.74804513780514,70,1
2,28.7,6.78450879436262,70,1
2,28.8,6.82073258096262,70,1
2,28.9,6.856725871405,70,1
2,29,6.89234160510101,70,1
2,29.1,6.92777207215428,70,1
2,29.2,6.96257227353929,70,1
2,29.3,6.9973966657295,70,1
2,29.4,7.03197572805342,70,1
2,29.5,7.06643517603198,70,1
2,29.6,7.10060985039992,70,1
2,29.7,7.13451096573298,70,1
2,29.8,7.16798397120641,70,1
2,29.9,7.20137710321532,70,1
2,30,7.23416902994189,70,1
2,30.1,7.26678162175034,70,1
2,30.2,7.29940167516272,70,1
2,30.3,7.33179010516034,70,1
2,30.4,7.36381563839098,70,1
2,30.5,7.39567642718901,70,1
2,30.6,7.42720558067809,70,1
2,30.7,7.45853070984143,70,1
2,30.8,7.48937281923719,70,1
2,30.9,7.52007515234179,70,1
2,31,7.55057600449273,70,1
2,31.1,7.58071273151071,70,1
2,31.2,7.61066742264486,70,1
2,31.3,7.64028236176933,70,1
2,31.4,7.66967717701707,70,1
2,31.5,7.69857535676899,70,1
2,31.6,7.72748375591209,70,1
2,31.7,7.75611119787031,70,1
2,31.8,7.78443780754379,70,1
2,31.9,7.81247391171552,70,1
2,32,7.84004857458082,70,1
2,32.1,7.86762710112475,70,1
2,32.2,7.8949359592129,70,1
2,32.3,7.92195735818442,70,1
2,32.4,7.94870042559883,70,1
2,32.5,7.9749941264179,70,1
2,32.6,8.0012470148407,70,1
2,32.7,8.02723049430878,70,1
2,32.8,8.05292847512975,70,1
2,32.9,8.07834993078446,70,1
2,33,8.10333163817685,70,1
2,33.1,8.12826975332489,70,1
2,33.2,8.15293812149518,70,1
2,33.3,8.17732215957206,70,1
2,33.4,8.201430870397,70,1
2,33.5,8.22512423261153,70,1
2,33.6,8.24876343217257,70,1
2,33.7,8.27211869028389,70,1
2,33.8,8.295245902852,70,1
2,33.9,8.31803891731452,70,1
2,34,8.34067035720143,70,1
2,34.1,8.36298736263409,70,1
2,34.2,8.38514492909236,70,1
2,34.3,8.40687181966767,70,1
2,34.4,8.42848475370346,70,1
2,34.5,8.44991946505215,70,1
2,34.6,8.47110432029617,70,1
2,34.7,8.4919700786237,70,1
2,34.8,8.51267066371733,70,1
2,34.9,8.53307092033291,70,1
2,35,8.55330917960224,70,1
2,35.1,8.57315426540394,70,1
2,35.2,8.59286043325324,70,1
2,35.3,8.6123987738479,70,1
2,35.4,8.63169688741272,70,1
2,35.5,8.65078674675698,70,1
2,35.6,8.66963596564392,70,1
2,35.7,8.68827858806437,70,1
2,35.8,8.70668333860584,70,1
2,35.9,8.72488335662322,70,1
2,36,8.74284842933356,70,1
2,36.1,8.76061082569647,70,1
2,36.2,8.77814134987793,70,1
2,36.3,8.7954714287133,70,1
2,36.4,8.81257283938844,70,1
2,36.5,8.82947619403718,70,1
2,36.6,8.84615420064936,70,1
2,36.7,8.86263668328252,70,1
2,36.8,8.87892769695422,70,1
2,36.9,8.89495989863333,70,1
2,37,8.9108371017357,70,1
2,37.1,8.92641652805061,70,1
2,37.2,8.9418045137834,70,1
2,37.3,8.95706423610921,70,1
2,37.4,8.97216980289071,70,1
2,37.5,8.98703250320292,70,1
2,37.6,9.00174574632388,70,1
2,37.7,9.01618389502701,70,1
2,37.8,9.03043574401848,70,1
2,37.9,9.04456348139164,70,1
2,38,9.05854236816135,70,1
2,38.1,9.07229165310234,70,1
2,38.2,9.08589693068902,70,1
2,38.3,9.099347439686,70,1
2,38.4,9.11256543307681,70,1
2,38.5,9.12566295906976,70,1
2,38.6,9.13854084374825,70,1
2,38.7,9.15127896468292,70,1
2,38.8,9.16386753506946,70,1
2,38.9,9.17628960136208,70,1
2,39,9.18852739215147,70,1
2,39.1,9.20060188411318,70,1
2,39.2,9.21251684852198,70,1
2,39.3,9.22422636892423,70,1
2,39.4,9.2358391892347,70,1
2,39.5,9.24724906345817,70,1
2,39.6,9.2585303058791,70,1
2,39.7,9.26967490016443,70,1
2,39.8,9.28066883577556,70,1
2,39.9,9.29149743997377,70,1
2,40,9.30217588001711,70,1
2,40.1,9.31272601759846,70,1
2,40.2,9.32308932355354,70,1
2,40.3,9.33332937030007,70,1
2,40.4,9.34344996565286,70,1
2,40.5,9.35342673433866,70,1
2,40.6,9.36326316909877,70,1
2,40.7,9.37292257930908,70,1
2,40.8,9.3824932201431,70,1
2,40.9,9.39188866782015,70,1
2,41,9.40119355251461,70,1
2,41.1,9.41031481061593,70,1
2,41.2,9.41927550478311,70,1
2,41.3,9.42819193169707,70,1
2,41.4,9.4369821300058,70,1
2,41.5,9.44561280099777,70,1
2,41.6,9.4541579281803,70,1
2,41.7,9.46253599745404,70,1
2,41.8,9.47076993450154,70,1
2,41.9,9.47895697125944,70,1
2,42,9.48702561365321,70,1
2,42.1,9.49494567342454,70,1
2,42.2,9.5027867086038,70,1
2,42.3,9.51047368741543,70,1
2,42.4,9.51808241612738,70,1
2,42.5,9.52557100235959,70,1
2,42.6,9.53296942647927,70,1
2,42.7,9.54025039701447,70,1
2,42.8,9.54743038003741,70,1
2,42.9,9.55447507234932,70,1
2,43,9.56144029440115,70,1
2,43.1,9.56831638525333,70,1
2,43.2,9.57509161294114,70,1
2,43.3,9.58176160195192,70,1
2,43.4,9.5883399491125,70,1
2,43.5,9.59479232267599,70,1
2,43.6,9.60117980639849,70,1
2,43.7,9.60747134462982,70,1
2,43.8,9.61364033776494,70,1
2,43.9,9.61970652026267,70,1
2,44,9.62572545461091,70,1
2,44.1,9.63162566342603,70,1
2,44.2,9.63741453988856,70,1
2,44.3,9.64316994823712,70,1
2,44.4,9.64882664135544,70,1
2,44.5,9.65440895737257,70,1
2,44.6,9.65989535993981,70,1
2,44.7,9.66530988469843,70,1
2,44.8,9.67062234653888,70,1
2,44.9,9.67585372982998,70,1
2,45,9.68102060065362,70,1
2,45.1,9.68611763318985,70,1
2,45.2,9.69112669159309,70,1
2,45.3,9.69607370771409,70,1
2,45.4,9.70093473641246,70,1
2,45.5,9.70572919447744,70,1
2,45.6,9.71043993354628,70,1
2,45.7,9.71509158658809,70,1
2,45.8,9.71966152425932,70,1
2,45.9,9.72417371402811,70,1
2,46,9.72860622409694,70,1
2,46.1,9.73298232857246,70,1
2,46.2,9.73728075803002,70,1
2,46.3,9.7415241256102,70,1
2,46.4,9.74569179071559,70,1
2,46.5,9.74980573634204,70,1
2,46.6,9.75384591860257,70,1
2,46.7,9.75783371994136,70,1
2,46.8,9.76174966250846,70,1
2,46.9,9.76561455652861,70,1
2,47,9.76940946097819,70,1
2,47.1,9.77315929500335,70,1
2,47.2,9.77684085320022,70,1
2,47.3,9.78047378129314,70,1
2,47.4,9.78404028785674,70,1
2,47.5,9.78755947562143,70,1
2,47.6,9.79101400662509,70,1
2,47.7,9.79442775094885,70,1
2,47.8,9.79778811424268,70,1
2,47.9,9.80109302906801,70,1
2,48,9.8043491613048,70,1
2,48.1,9.80754478423849,70,1
2,48.2,9.81069716668573,70,1
2,48.3,9.81379070742915,70,1
2,48.4,9.81684819807533,70,1
2,48.5,9.81985652227518,70,1
2,48.6,9.8228083576454,70,1
2,48.7,9.82572344679379,70,1
2,48.8,9.82858345705326,70,1
2,48.9,9.83140407832345,70,1
2,49,9.83417270417413,70,1
2,49.1,9.83690588075313,70,1
2,49.2,9.83959552772767,70,1
2,49.3,9.84223504383845,70,1
2,49.4,9.84484104147489,70,1
2,49.5,9.84740497151813,70,1
2,49.6,9.8499210250444,70,1
2,49.7,9.85240444960822,70,1
2,49.8,9.85484773818476,70,1
2,49.9,9.85724578345607,70,1
2,50,9.85961118117646,70,1
2,50.1,9.8619417773852,70,1
2,50.2,9.86422706411664,70,1
2,50.3,9.86648448258315,70,1
2,50.4,9.86870387912877,70,1
2,50.5,9.87088128235134,70,1
2,50.6,9.87302936223716,70,1
2,50.7,9.87514503760359,70,1
2,50.8,9.87721944827584,70,1
2,50.9,9.87926760338203,70,1
2,51,9.88128106849038,70,1
2,51.1,9.88325710409209,70,1
2,51.2,9.88520393536973,70,1
2,51.3,9.88712107695764,70,1
2,51.4,9.88900868000129,70,1
2,51.5,9.89086623015233,70,1
2,51.6,9.89268806544544,70,1
2,51.7,9.89448219529659,70,1
2,51.8,9.89624894782467,70,1
2,51.9,9.89798813776334,70,1
2,52,9.89970007935763,70,1
2,52.1,9.90138208001079,70,1
2,52.2,9.903039137184,70,1
2,52.3,9.90466669145375,70,1
2,52.4,9.90627027185683,70,1
2,52.5,9.9078454253545,70,1
2,52.6,9.90939568787988,70,1
2,52.7,9.91092122173026,70,1
2,52.8,9.91242183689035,70,1
2,52.9,9.91389792007676,70,1
2,53,9.9153497737379,70,1
2,53.1,9.91677719131735,70,1
2,53.2,9.91818258708047,70,1
2,53.3,9.91956526385046,70,1
2,53.4,9.92092285232145,70,1
2,53.5,9.92225977511196,70,1
2,53.6,9.92357540539702,70,1
2,53.7,9.92486973946452,70,1
2,53.8,9.92613886051957,70,1
2,53.9,9.92738757135548,70,1
2,54,9.92861822152196,70,1
2,54.1,9.92982852311178,70,1
2,54.2,9.93101955196851,70,1
2,54.3,9.93219061481296,70,1
2,54.4,9.93334142989036,70,1
2,54.5,9.93447399254608,70,1
2,54.6,9.93558778678126,70,1
2,54.7,9.93668394107109,70,1
2,54.8,9.93776001850628,70,1
2,54.9,9.93881944963886,70,1
2,55,9.93986144659766,70,1
2,55.1,9.94088618133375,70,1
2,55.2,9.94189456056072,70,1
2,55.3,9.94288316072442,70,1
2,55.4,9.94385512743725,70,1
2,55.5,9.94481289842094,70,1
2,55.6,9.94575545709502,70,1
2,55.7,9.94668239622318,70,1
2,55.8,9.9475938619506,70,1
2,55.9,9.94848881893992,70,1
2,56,9.94936927242346,70,1
2,56.1,9.95023543853205,70,1
2,56.2,9.95108752891834,70,1
2,56.3,9.9519250391678,70,1
2,56.4,9.95274887431916,70,1
2,56.5,9.9535589921113,70,1
2,56.6,9.95435546242514,70,1
2,56.7,9.95513864055977,70,1
2,56.8,9.95590873981343,70,1
2,56.9,9.95666482732618,70,1
2,57,9.957408298643,70,1
2,57.1,9.95813935618066,70,1
2,57.2,9.95885819930234,70,1
2,57.3,9.95956502435728,70,1
2,57.4,9.96026002472166,70,1
2,57.5,9.96094339083916,70,1
2,57.6,9.96161531026102,70,1
2,57.7,9.96227596768572,70,1
2,57.8,9.96292554499814,70,1
2,57.9,9.96356422130839,70,1
2,58,9.96419217299013,70,1
2,58.1,9.96480957371853,70,1
2,58.2,9.96541659450772,70,1
2,58.3,9.96601340374791,70,1
2,58.4,9.96660016724202,70,1
2,58.5,9.96717704824193,70,1
2,58.6,9.96774420748427,70,1
2,58.7,9.96830180322584,70,1
2,58.8,9.96884999127862,70,1
2,58.9,9.96938892504428,70,1
2,59,9.96991875554844,70,1
2,59.1,9.97043963147435,70,1
2,59.2,9.97095169919631,70,1
2,59.3,9.97145510281262,70,1
2,59.4,9.97194998417811,70,1
2,59.5,9.97243648293637,70,1
2,59.6,9.97291473656143,70,1
2,59.7,9.97338422719088,70,1
2,59.8,9.97384576730497,70,1
2,59.9,9.97429948723257,70,1
2,60,9.97474551526828,70,1
2,60.1,9.97518397770065,70,1
2,60.2,9.97561499884111,70,1
2,60.3,9.97603870105266,70,1
2,60.4,9.97645517574004,70,1
2,60.5,9.97686445722934,70,1
2,60.6,9.97726667249427,70,1
2,60.7,9.97766252028334,70,1
2,60.8,9.97805184019439,70,1
2,60.9,9.97843366445445,70,1
2,61,9.97880828849574,70,1
2,61.1,9.97917604942958,70,1
2,61.2,9.97953723835401,70,1
2,61.3,9.97989215326721,70,1
2,61.4,9.98024100835643,70,1
2,61.5,9.9805839346116,70,1
2,61.6,9.98092105241478,70,1
2,61.7,9.98125243413162,70,1
2,61.8,9.98157817481911,70,1
2,61.9,9.98189836688488,70,1
2,62,9.98221310517674,70,1
2,62.1,9.98252247777853,70,1
2,62.2,9.98282715404901,70,1
2,62.3,9.98312721831213,70,1
2,62.4,9.98342228664947,70,1
2,62.5,9.98371236706089,70,1
2,62.6,9.98399717684062,70,1
2,62.7,9.98427676737334,70,1
2,62.8,9.98455134552488,70,1
2,62.9,9.98482133851919,70,1
2,63,9.98508676811626,70,1
2,63.1,9.98534736078055,70,1
2,63.2,9.98560350574468,70,1
2,63.3,9.9858554916607,70,1
2,63.4,9.98610328115816,70,1
2,63.5,9.98634678052013,70,1
2,63.6,9.98658578901922,70,1
2,63.7,9.98682058018778,70,1
2,63.8,9.98705136774491,70,1
2,63.9,9.98727819095327,70,1
2,64,9.98750105626907,70,1
2,64.1,9.98772004255282,70,1
2,64.2,9.98793522682254,70,1
2,64.3,9.9881466744524,70,1
2,64.4,9.98835444970401,70,1
2,64.5,9.9885586156624,70,1
2,64.6,9.98875923536705,70,1
2,64.7,9.98895660339464,70,1
2,64.8,9.98915084041159,70,1
2,64.9,9.98934181062123,70,1
2,65,9.98952978379262,70,1
2,65.1,9.98971443024351,70,1
2,65.2,9.98989584091268,70,1
2,65.3,9.99007407447941,70,1
2,65.4,9.9902491604145,70,1
2,65.5,9.99042102542903,70,1
2,65.6,9.99058966060327,70,1
2,65.7,9.99075527845761,70,1
2,65.8,9.99091803908933,70,1
2,65.9,9.991077969914,70,1
2,66,9.99123510537064,70,1
2,66.1,9.99138949343861,70,1
2,66.2,9.99154118087351,70,1
2,66.3,9.99169015681226,70,1
2,66.4,9.99183640665582,70,1
2,66.5,9.99197993904799,70,1
2,66.6,9.99212083120497,70,1
2,66.7,9.9922601872119,70,1
2,66.8,9.99239738380479,70,1
2,66.9,9.99253200775947,70,1
2,67,9.99266414919813,70,1
2,67.1,9.99279409794743,70,1
2,67.2,9.99292172266029,70,1
2,67.3,9.99304701395434,70,1
2,67.4,9.99316999631678,70,1
2,67.5,9.99329084558944,70,1
2,67.6,9.99340961462502,70,1
2,67.7,9.99352634829976,70,1
2,67.8,9.99364104122587,70,1
2,67.9,9.99375367570161,70,1
2,68,9.99386425137273,70,1
2,68.1,9.99397282294138,70,1
2,68.2,9.99407944109809,70,1
2,68.3,9.9941841106719,70,1
2,68.4,9.99428698721546,70,1
2,68.5,9.99438814546317,70,1
2,68.6,9.9944876104927,70,1
2,68.7,9.99458541505866,70,1
2,68.8,9.99468155162057,70,1
2,68.9,9.9947759944124,70,1
2,69,9.99486874295652,70,1
2,69.1,9.99495981321077,70,1
2,69.2,9.99504920927072,70,1
2,69.3,9.99513693113637,70,1
2,69.4,9.99522335943044,70,1
2,69.5,9.99530858047766,70,1
2,69.6,9.99539221263755,70,1
2,69.7,9.99547434728089,70,1
2,69.8,9.99555503482243,70,1
2,69.9,9.99563422161121,70,1
2,70,9.99571189847842,70,1
2,70.1,9.99578808253812,70,1
2,70.2,9.9958629518515,70,1
2,70.3,9.99593655359073,70,1
2,70.4,9.9960088751358,70,1
2,70.5,9.99607990684885,70,1
2,70.6,9.99614968297894,70,1
2,70.7,9.99621828299696,70,1
2,70.8,9.99628570809168,70,1
2,70.9,9.9963519439069,70,1
2,71,9.99641698823178,70,1
2,71.1,9.99648087179604,70,1
2,71.2,9.99654361199137,70,1
2,71.3,9.99660522301874,70,1
2,71.4,9.99666583751965,70,1
2,71.5,9.99672538325348,70,1
2,71.6,9.9967838516783,70,1
2,71.7,9.99684124989091,70,1
2,71.8,9.99689759792652,70,1
2,71.9,9.99695294436542,70,1
2,72,9.99700732455599,70,1
2,72.1,9.99706076250167,70,1
2,72.2,9.99711326313231,70,1
2,72.3,9.99716484243556,70,1
2,72.4,9.99721551620204,70,1
2,72.5,9.99726529959274,70,1
2,72.6,9.99731420811203,70,1
2,72.7,9.99736223510907,70,1
2,72.8,9.99740937142001,70,1
2,72.9,9.99745562082032,70,1
2,73,9.99750098708547,70,1
2,73.1,9.99754547399094,70,1
2,73.2,9.99758910766725,70,1
2,73.3,9.99763226915852,70,1
2,73.4,9.99767479045385,70,1
2,73.5,9.99771655289657,70,1
2,73.6,9.99775754834429,70,1
2,73.7,9.99779777096355,70,1
2,73.8,9.99783726265138,70,1
2,73.9,9.99787605029348,70,1
2,74,9.99791414793106,70,1
2,74.1,9.99795156696864,70,1
2,74.2,9.99798831738081,70,1
2,74.3,9.99802440960876,70,1
2,74.4,9.99805984365383,70,1
2,74.5,9.99809461954102,70,1
2,74.6,9.99812876219722,70,1
2,74.7,9.99816229356182,70,1
2,74.8,9.99819521363482,70,1
2,74.9,9.99822737710506,70,1
2,75,9.99825919472655,70,1
2,75.1,9.99829041716171,70,1
2,75.2,9.99832105936662,70,1
2,75.3,9.99835113625399,70,1
2,75.4,9.9983806587349,70,1
2,75.5,9.99840963760391,70,1
2,75.6,9.9984380856694,70,1
2,75.7,9.99846601573977,70,1
2,75.8,9.99849344062339,70,1
2,75.9,9.99852037305324,70,1
2,76,9.99854682555202,70,1
2,76.1,9.99857281080286,70,1
2,76.2,9.99859834150362,70,1
2,76.3,9.99862343035216,70,1
2,76.4,9.99864808949633,70,1
2,76.5,9.99867231684932,70,1
2,76.6,9.99869611342557,70,1
2,76.7,9.99871948510058,70,1
2,76.8,9.99874243774985,70,1
2,76.9,9.99876497724887,70,1
2,77,9.99878711206767,70,1
2,77.1,9.99880885491029,70,1
2,77.2,9.99883021451576,70,1
2,77.3,9.99885119947803,70,1
2,77.4,9.99887181839107,70,1
2,77.5,9.99889207887128,70,1
2,77.6,9.99891197715957,70,1
2,77.7,9.9989315148807,70,1
2,77.8,9.99895069649526,70,1
2,77.9,9.99896952646381,70,1
2,78,9.99898800924693,70,1
2,78.1,9.99900614930521,70,1
2,78.2,9.99902395144883,70,1
2,78.3,9.99904142837141,70,1
2,78.4,9.99905859023429,70,1
2,78.5,9.99907544446963,70,1
2,78.6,9.99909199850962,70,1
2,78.7,9.99910825978644,70,1
2,78.8,9.99912423573226,70,1
2,78.9,9.9991399336803,70,1
2,79,9.99915535498948,70,1
2,79.1,9.99917050175049,70,1
2,79.2,9.99918537894686,70,1
2,79.3,9.99919999156212,70,1
2,79.4,9.99921434457981,70,1
2,79.5,9.99922844298347,70,1
2,79.6,9.99924229175432,70,1
2,79.7,9.99925589453648,70,1
2,79.8,9.99926925475037,70,1
2,79.9,9.99928237674768,70,1
2,80,9.99929526488013,70,1
2,80.1,9.99930792349944,70,1
2,80.2,9.99932035695729,70,1
2,80.3,9.99933256960541,70,1
2,80.4,9.99934456351905,70,1
2,80.5,9.99935633963201,70,1
2,80.6,9.99936790139776,70,1
2,80.7,9.9993792522783,70,1
2,80.8,9.99939039573562,70,1
2,80.9,9.99940133523172,70,1
2,81,9.99941207422859,70,1
2,81.1,9.99942261618823,70,1
2,81.2,9.99943296457264,70,1
2,81.3,9.99944312284381,70,1
2,81.4,9.99945309446374,70,1
2,81.5,9.9994628835699,70,1
2,81.6,9.99947249444784,70,1
2,81.7,9.99948193079118,70,1
2,81.8,9.99949119629355,70,1
2,81.9,9.99950029464859,70,1
2,82,9.9995092295499,70,1
2,82.1,9.99951800469113,70,1
2,82.2,9.9995266237659,70,1
2,82.3,9.99953509046784,70,1
2,82.4,9.99954340849056,70,1
2,82.5,9.99955158151715,70,1
2,82.6,9.9995596102039,70,1
2,82.7,9.99956749521349,70,1
2,82.8,9.99957523930913,70,1
2,82.9,9.99958284525403,70,1
2,83,9.99959031581139,70,1
2,83.1,9.99959765374441,70,1
2,83.2,9.99960486181631,70,1
2,83.3,9.99961194279028,70,1
2,83.4,9.99961889942954,70,1
2,83.5,9.99962573449728,70,1
2,83.6,9.99963241585567,70,1
2,83.7,9.99963902483597,70,1
2,83.8,9.99964551316323,70,1
2,83.9,9.99965188350108,70,1
2,84,9.9996581384519,70,1
2,84.1,9.99966428055681,70,1
2,84.2,9.99967031229572,70,1
2,84.3,9.99967623608728,70,1
2,84.4,9.9996820542889,70,1
2,84.5,9.99968776919675,70,1
2,84.6,9.99969338304575,70,1
2,84.7,9.99969889798614,70,1
2,84.8,9.99970431518991,70,1
2,84.9,9.99970963598237,70,1
2,85,9.99971486200889,70,1
2,85.1,9.99971999482996,70,1
2,85.2,9.9997250359212,70,1
2,85.3,9.99972998667332,70,1
2,85.4,9.9997348483922,70,1
2,85.5,9.99973962229879,70,1
2,85.6,9.9997443095292,70,1
2,85.7,9.99974891113464,70,1
2,85.8,9.99975342808144,70,1
2,85.9,9.99975786125107,70,1
2,86,9.99976221160381,70,1
2,86.1,9.99976648271554,70,1
2,86.2,9.9997706769491,70,1
2,86.3,9.99977479580444,70,1
2,86.4,9.99977884076185,70,1
2,86.5,9.99978281328199,70,1
2,86.6,9.99978671480583,70,1
2,86.7,9.99979054675473,70,1
2,86.8,9.99979431053035,70,1
2,86.9,9.99979800751472,70,1
2,87,9.99980163907022,70,1
2,87.1,9.99980520653956,70,1
2,87.2,9.99980871124581,70,1
2,87.3,9.9998121544313,70,1
2,87.4,9.99981553677731,70,1
2,87.5,9.99981885925061,70,1
2,87.6,9.99982212290505,70,1
2,87.7,9.99982532876195,70,1
2,87.8,9.99982847781009,70,1
2,87.9,9.99983157100571,70,1
2,88,9.99983460927253,70,1
2,88.1,9.99983759350171,70,1
2,88.2,9.9998405245519,70,1
2,88.3,9.9998434032492,70,1
2,88.4,9.99984623038719,70,1
2,88.5,9.99984900672691,70,1
2,88.6,9.99985173309698,70,1
2,88.7,9.99985441082189,70,1
2,88.8,9.99985704082673,70,1
2,88.9,9.9998596239362,70,1
2,89,9.99986216095546,70,1
2,89.1,9.99986465267014,70,1
2,89.2,9.99986709984633,70,1
2,89.3,9.9998695032306,70,1
2,89.4,9.99987186354996,70,1
2,89.5,9.99987418151192,70,1
2,89.6,9.99987645780443,70,1
2,89.7,9.99987869309591,70,1
2,89.8,9.99988088803525,70,1
2,89.9,9.99988304333509,70,1
2,90,9.99988515995977,70,1
2,90.1,9.99988723862922,70,1
2,90.2,9.99988928002377,70,1
2,90.3,9.99989128481151,70,1
2,90.4,9.99989325364831,70,1
2,90.5,9.99989518717779,70,1
2,90.6,9.99989708603133,70,1
2,90.7,9.99989895082808,70,1
2,90.8,9.99990078217495,70,1
2,90.9,9.99990258066661,70,1
2,91,9.9999043468855,70,1
2,91.1,9.99990608140183,70,1
2,91.2,9.99990778473347,70,1
2,91.3,9.99990945731237,70,1
2,91.4,9.99991109964405,70,1
2,91.5,9.99991271222563,70,1
2,91.6,9.99991429554084,70,1
2,91.7,9.9999158500601,70,1
2,91.8,9.99991737624049,70,1
2,91.9,9.99991887452575,70,1
2,92,9.99992034534626,70,1
2,92.1,9.9999217891191,70,1
2,92.2,9.99992320624796,70,1
2,92.3,9.99992459712325,70,1
2,92.4,9.99992596212199,70,1
2,92.5,9.99992730160788,70,1
2,92.6,9.9999286159313,70,1
2,92.7,9.99992990542927,70,1
2,92.8,9.99993117042546,70,1
2,92.9,9.99993241123022,70,1
2,93,9.99993362814057,70,1
2,93.1,9.99993482144151,70,1
2,93.2,9.99993599209716,70,1
2,93.3,9.99993714107597,70,1
2,93.4,9.99993826882009,70,1
2,93.5,9.99993937576772,70,1
2,93.6,9.99994046235302,70,1
2,93.7,9.99994152900619,70,1
2,93.8,9.99994257615344,70,1
2,93.9,9.99994360421698,70,1
2,94,9.99994461361502,70,1
2,94.1,9.99994560476179,70,1
2,94.2,9.99994657806754,70,1
2,94.3,9.99994753393851,70,1
2,94.4,9.99994847277695,70,1
2,94.5,9.99994939498112,70,1
2,94.6,9.99995030094531,70,1
2,94.7,9.9999511910598,70,1
2,94.8,9.99995206571086,70,1
2,94.9,9.99995292528082,70,1
2,95,9.99995377014796,70,1
2,95.1,9.9999546006487,70,1
2,95.2,9.99995541669287,70,1
2,95.3,9.999956218438,70,1
2,95.4,9.99995700614934,70,1
2,95.5,9.99995778008366,70,1
2,95.6,9.99995854048923,70,1
2,95.7,9.9999592876058,70,1
2,95.8,9.99996002166466,70,1
2,95.9,9.99996074288858,70,1
2,96,9.99996145149183,70,1
2,96.1,9.99996214768021,70,1
2,96.2,9.99996283165099,70,1
2,96.3,9.99996350359296,70,1
2,96.4,9.99996416368642,70,1
2,96.5,9.99996481210315,70,1
2,96.6,9.99996544900646,70,1
2,96.7,9.99996607455115,70,1
2,96.8,9.99996668888352,70,1
2,96.9,9.99996729214137,70,1
2,97,9.99996788445403,70,1
2,97.1,9.99996846603887,70,1
2,97.2,9.9999690373508,70,1
2,97.3,9.99996959858377,70,1
2,97.4,9.99997014990385,70,1
2,97.5,9.99997069147182,70,1
2,97.6,9.99997122344325,70,1
2,97.7,9.9999717459684,70,1
2,97.8,9.99997225919229,70,1
2,97.9,9.99997276325469,70,1
2,98,9.9999732582901,70,1
2,98.1,9.99997374442775,70,1
2,98.2,9.99997422179162,70,1
2,98.3,9.99997469050044,70,1
2,98.4,9.99997515066765,70,1
2,98.5,9.99997560240145,70,1
2,98.6,9.99997604580479,70,1
2,98.7,9.99997648097533,70,1
2,98.8,9.99997690800549,70,1
2,98.9,9.99997732698244,70,1
2,99,9.99997773798805,70,1
2,99.1,9.99997815110991,70,1
2,99.2,9.99997854518127,70,1
2,99.3,9.99997893236537,70,1
2,99.4,9.99997931276415,70,1
2,99.5,9.99997968647957,70,1
2,99.6,9.99998005361356,70,1
2,99.7,9.99998041426808,70,1
2,99.8,9.99998076854507,70,1
2,99.9,9.99998111654648,70,1
2,100,9.99998145837426,70,1
2,100.1,9.99998179413035,70,1
2,100.2,9.99998212391669,70,1
2,100.3,9.99998244783524,70,1
2,100.4,9.99998276598794,70,1
2,100.5,9.99998307847674,70,1
2,100.6,9.99998338540359,70,1
2,100.7,9.99998368687042,70,1
2,100.8,9.99998398297919,70,1
2,100.9,9.99998427383185,70,1
2,101,9.99998455952171,70,1
2,101.1,9.99998484000107,70,1
2,101.2,9.99998511530567,70,1
2,101.3,9.99998538552195,70,1
2,101.4,9.99998565073632,70,1
2,101.5,9.99998591103522,70,1
2,101.6,9.99998616650507,70,1
2,101.7,9.9999864172323,70,1
2,101.8,9.99998666330334,70,1
2,101.9,9.9999869048046,70,1
2,102,9.99998714182252,70,1
2,102.1,9.99998737444352,70,1
2,102.2,9.99998760275403,70,1
2,102.3,9.99998782684048,70,1
2,102.4,9.99998804678929,70,1
2,102.5,9.99998826268689,70,1
2,102.6,9.99998847461971,70,1
2,102.7,9.99998868267416,70,1
2,102.8,9.99998888693668,70,1
2,102.9,9.9999890874937,70,1
2,103,9.99998928443164,70,1
2,103.1,9.99998947783693,70,1
2,103.2,9.99998966779599,70,1
2,103.3,9.99998985439525,70,1
2,103.4,9.99999003772114,70,1
2,103.5,9.99999021786008,70,1
2,103.6,9.9999903948985,70,1
2,103.7,9.99999056878182,70,1
2,103.8,9.99999073940477,70,1
2,103.9,9.99999090682962,70,1
2,104,9.99999107111919,70,1
2,104.1,9.9999912323363,70,1
2,104.2,9.99999139054377,70,1
2,104.3,9.99999154580441,70,1
2,104.4,9.99999169818104,70,1
2,104.5,9.99999184773649,70,1
2,104.6,9.99999199453355,70,1
2,104.7,9.99999213863506,70,1
2,104.8,9.99999228010383,70,1
2,104.9,9.99999241900268,70,1
2,105,9.99999255539443,70,1
2,105.1,9.99999268934189,70,1
2,105.2,9.99999282090788,70,1
2,105.3,9.99999295015522,70,1
2,105.4,9.99999307714673,70,1
2,105.5,9.99999320194522,70,1
2,105.6,9.99999332461351,70,1
2,105.7,9.99999344521442,70,1
2,105.8,9.99999356381076,70,1
2,105.9,9.99999368046536,70,1
2,106,9.99999379524103,70,1
2,106.1,9.99999390820059,70,1
2,106.2,9.99999401940686,70,1
2,106.3,9.99999412885678,70,1
2,106.4,9.99999423632323,70,1
2,106.5,9.99999434181063,70,1
2,106.6,9.99999444535375,70,1
2,106.7,9.99999454698737,70,1
2,106.8,9.99999464674624,70,1
2,106.9,9.99999474466514,70,1
2,107,9.99999484077883,70,1
2,107.1,9.99999493512208,70,1
2,107.2,9.99999502772967,70,1
2,107.3,9.99999511863635,70,1
2,107.4,9.99999520787689,70,1
2,107.5,9.99999529548607,70,1
2,107.6,9.99999538149865,70,1
2,107.7,9.9999954659494,70,1
2,107.8,9.99999554887308,70,1
2,107.9,9.99999563030447,70,1
2,108,9.99999571027834,70,1
2,108.1,9.99999578882944,70,1
2,108.2,9.99999586599255,70,1
2,108.3,9.99999594180244,70,1
2,108.4,9.99999601629387,70,1
2,108.5,9.99999608950162,70,1
2,108.6,9.99999616146044,70,1
2,108.7,9.99999623220511,70,1
2,108.8,9.9999963017704,70,1
2,108.9,9.99999643456858,70,1
2,109,9.99999649462798,70,1
2,109.1,9.99999655396929,70,1
2,109.2,9.99999661259253,70,1
2,109.3,9.99999667049767,70,1
2,109.4,9.99999672768473,70,1
2,109.5,9.99999678415371,70,1
2,109.6,9.9999968399046,70,1
2,109.7,9.9999968949374,70,1
2,109.8,9.99999694925212,70,1
2,109.9,9.99999700284875,70,1
2,110,9.9999970557273,70,1
2,110.1,9.99999710788777,70,1
2,110.2,9.99999715933015,70,1
2,110.3,9.99999721005444,70,1
2,110.4,9.99999726006065,70,1
2,110.5,9.99999730934877,70,1
2,110.6,9.99999735791881,70,1
2,110.7,9.99999740577076,70,1
2,110.8,9.99999745290463,70,1
2,110.9,9.99999749932041,70,1
2,111,9.99999754501811,70,1
2,111.1,9.99999758999772,70,1
2,111.2,9.99999763425925,70,1
2,111.3,9.99999767780269,70,1
2,111.4,9.99999772062804,70,1
2,111.5,9.99999776273532,70,1
2,111.6,9.99999780415987,70,1
2,111.7,9.999997844954,70,1
2,111.8,9.99999788511819,70,1
2,111.9,9.99999792465243,70,1
2,112,9.99999796355673,70,1
2,112.1,9.99999800183108,70,1
2,112.2,9.99999803947549,70,1
2,112.3,9.99999807648996,70,1
2,112.4,9.99999811287448,70,1
2,112.5,9.99999814862906,70,1
2,112.6,9.9999981837537,70,1
2,112.7,9.99999821824839,70,1
2,112.8,9.99999825211314,70,1
2,112.9,9.99999828534794,70,1
2,113,9.9999983179528,70,1
2,113.1,9.99999834992771,70,1
2,113.2,9.99999838127268,70,1
2,113.3,9.99999841198771,70,1
2,113.4,9.99999844207279,70,1
2,113.5,9.99999847152793,70,1
2,113.6,9.99999850035313,70,1
2,113.7,9.99999852854838,70,1
2,113.8,9.99999855611368,70,1
2,113.9,9.99999858304905,70,1
2,114,9.99999860935447,70,1
2,114.1,9.99999863502994,70,1
2,114.2,9.99999866007547,70,1
2,114.3,9.99999868449106,70,1
2,114.4,9.99999870827959,70,1
2,114.5,9.99999873161079,70,1
2,114.6,9.9999987545838,70,1
2,114.7,9.9999987771986,70,1
2,114.8,9.99999879945521,70,1
2,114.9,9.99999882135362,70,1
2,115,9.99999884289383,70,1
2,115.1,9.99999886407585,70,1
2,115.2,9.99999888489966,70,1
2,115.3,9.99999890536528,70,1
2,115.4,9.9999989254727,70,1
2,115.5,9.99999894522192,70,1
2,115.6,9.99999896461295,70,1
2,115.7,9.99999898364577,70,1
2,115.8,9.9999990023204,70,1
2,115.9,9.99999902063683,70,1
2,116,9.99999903859507,70,1
2,116.1,9.9999990561951,70,1
2,116.2,9.99999907343694,70,1
2,116.3,9.99999909032058,70,1
2,116.4,9.99999910684602,70,1
2,116.5,9.99999912301326,70,1
2,116.6,9.99999913882231,70,1
2,116.7,9.99999915427315,70,1
2,116.8,9.99999916936581,70,1
2,116.9,9.99999918410026,70,1
2,117,9.99999919847651,70,1
2,117.1,9.99999921249457,70,1
2,117.2,9.99999922615443,70,1
2,117.3,9.99999923946975,70,1
2,117.4,9.99999925256946,70,1
2,117.5,9.99999926548538,70,1
2,117.6,9.99999927821751,70,1
2,117.7,9.99999929076586,70,1
2,117.8,9.99999930313042,70,1
2,117.9,9.99999931531119,70,1
2,118,9.99999932730818,70,1
2,118.1,9.99999933912138,70,1
2,118.2,9.99999935075079,70,1
2,118.3,9.99999936219642,70,1
2,118.4,9.99999937345826,70,1
2,118.5,9.99999938453632,70,1
2,118.6,9.99999939543059,70,1
2,118.7,9.99999940614107,70,1
2,118.8,9.99999941666777,70,1
2,118.9,9.99999942701068,70,1
2,119,9.9999994371698,70,1
2,119.1,9.99999944714514,70,1
2,119.2,9.99999945693669,70,1
2,119.3,9.99999946654445,70,1
2,119.4,9.99999947596843,70,1
2,119.5,9.99999948520862,70,1
2,119.6,9.99999949426503,70,1
2,119.7,9.99999950313765,70,1
2,119.8,9.99999951182648,70,1
2,119.9,9.99999952033152,70,1
2,120,9.99999952865278,70,1
2,120.1,9.99999953679026,70,1
2,120.2,9.9999995447598,70,1
2,120.3,9.99999955261678,70,1
2,120.4,9.99999956036599,70,1
2,120.5,9.99999956800741,70,1
2,120.6,9.99999957554105,70,1
2,120.7,9.99999958296691,70,1
2,120.8,9.99999959028499,70,1
2,120.9,9.99999959749528,70,1
2,121,9.9999996045978,70,1
2,121.1,9.99999961159253,70,1
2,121.2,9.99999961847947,70,1
2,121.3,9.99999962525864,70,1
2,121.4,9.99999963193002,70,1
2,121.5,9.99999963849362,70,1
2,121.6,9.99999964494944,70,1
2,121.7,9.99999965129748,70,1
2,121.8,9.99999965753773,70,1
2,121.9,9.9999996636702,70,1
2,122,9.99999966969489,70,1
2,122.1,9.9999996756118,70,1
2,122.2,9.99999968142092,70,1
2,122.3,9.99999968712227,70,1
2,122.4,9.99999969271583,70,1
2,122.5,9.9999996982016,70,1
2,122.6,9.9999997035796,70,1
2,122.7,9.99999970884981,70,1
2,122.8,9.99999971401224,70,1
2,122.9,9.99999971906689,70,1
2,123,9.99999972401376,70,1
2,123.1,9.99999972886869,70,1
2,123.2,9.99999973365514,70,1
2,123.3,9.99999973837332,70,1
2,123.4,9.99999974302322,70,1
2,123.5,9.99999974760484,70,1
2,123.6,9.9999997521182,70,1
2,123.7,9.99999975656327,70,1
2,123.8,9.99999976094008,70,1
2,123.9,9.99999976524861,70,1
2,124,9.99999976948887,70,1
2,124.1,9.99999977366085,70,1
2,124.2,9.99999977776456,70,1
2,124.3,9.99999978179999,70,1
2,124.4,9.99999978576715,70,1
2,124.5,9.99999978966603,70,1
2,124.6,9.99999979349665,70,1
2,124.7,9.99999979725898,70,1
2,124.8,9.99999980095305,70,1
2,124.9,9.99999980457884,70,1
2,125,9.99999980813635,70,1
2,125.1,9.9999998116256,70,1
2,125.2,9.99999981504656,70,1
2,125.3,9.99999981839926,70,1
2,125.4,9.99999982168367,70,1
2,125.5,9.99999982489982,70,1
2,125.6,9.99999982804769,70,1
2,125.7,9.99999983112729,70,1
2,125.8,9.99999983413861,70,1
2,125.9,9.99999983708194,70,1
2,126,9.99999983997387,70,1
2,126.1,9.99999984282406,70,1
2,126.2,9.99999984563253,70,1
2,126.3,9.99999984839927,70,1
2,126.4,9.99999985112428,70,1
2,126.5,9.99999985380757,70,1
2,126.6,9.99999985644914,70,1
2,126.7,9.99999985904897,70,1
2,126.8,9.99999986160709,70,1
2,126.9,9.99999986412347,70,1
2,127,9.99999986659813,70,1
2,127.1,9.99999986903106,70,1
2,127.2,9.99999987142227,70,1
2,127.3,9.99999987377175,70,1
2,127.4,9.9999998760795,70,1
2,127.5,9.99999987834553,70,1
2,127.6,9.99999988056983,70,1
2,127.7,9.99999988275241,70,1
2,127.8,9.99999988489326,70,1
2,127.9,9.99999988699238,70,1
2,128,9.99999988904978,70,1
2,128.1,9.99999989106545,70,1
2,128.2,9.99999989303939,70,1
2,128.3,9.99999989497161,70,1
2,128.4,9.9999998968621,70,1
2,128.5,9.99999989871087,70,1
2,128.6,9.99999990051791,70,1
2,128.7,9.99999990228322,70,1
2,128.8,9.99999990400817,70,1
2,128.9,9.99999990570554,70,1
2,129,9.9999999073785,70,1
2,129.1,9.99999990902705,70,1
2,129.2,9.99999991065119,70,1
2,129.3,9.99999991225092,70,1
2,129.4,9.99999991382624,70,1
2,129.5,9.99999991537715,70,1
2,129.6,9.99999991690365,70,1
2,129.7,9.99999991840574,70,1
2,129.8,9.99999991988342,70,1
2,129.9,9.99999992133668,70,1
2,130,9.99999992276554,70,1
2,130.1,9.99999992416999,70,1
2,130.2,9.99999992555002,70,1
2,130.3,9.99999992690564,70,1
2,130.4,9.99999992823686,70,1
2,130.5,9.99999992954366,70,1
2,130.6,9.99999993082605,70,1
2,130.7,9.99999993208404,70,1
2,130.8,9.99999993331761,70,1
2,130.9,9.99999993452677,70,1
2,131,9.99999993571152,70,1
2,131.1,9.99999993687186,70,1
2,131.2,9.99999993800779,70,1
2,131.3,9.9999999391193,70,1
2,131.4,9.99999994020641,70,1
2,131.5,9.99999994126911,70,1
2,131.6,9.99999994230739,70,1
2,131.7,9.99999994332337,70,1
2,131.8,9.99999994432439,70,1
2,131.9,9.99999994531108,70,1
2,132,9.99999994628345,70,1
2,132.1,9.99999994724149,70,1
2,132.2,9.99999994818521,70,1
2,132.3,9.99999994911459,70,1
2,132.4,9.99999995002966,70,1
2,132.5,9.99999995093039,70,1
2,132.6,9.9999999518168,70,1
2,132.7,9.99999995268888,70,1
2,132.8,9.99999995354664,70,1
2,132.9,9.99999995439007,70,1
2,133,9.99999995521917,70,1
2,133.1,9.99999995603395,70,1
2,133.2,9.9999999568344,70,1
2,133.3,9.99999995762052,70,1
2,133.4,9.99999995839232,70,1
2,133.5,9.99999995914979,70,1
2,133.6,9.99999995989294,70,1
2,133.7,9.99999996062176,70,1
2,133.8,9.99999996133625,70,1
2,133.9,9.99999996203642,70,1
2,134,9.99999996272226,70,1
2,134.1,9.99999996339377,70,1
2,134.2,9.99999996405096,70,1
2,134.3,9.99999996469382,70,1
2,134.4,9.99999996532235,70,1
2,134.5,9.99999996593656,70,1
2,134.6,9.99999996653876,70,1
2,134.7,9.99999996713238,70,1
2,134.8,9.99999996771745,70,1
2,134.9,9.99999996829398,70,1
2,135,9.99999996886196,70,1
2,135.1,9.99999996942139,70,1
2,135.2,9.99999996997227,70,1
2,135.3,9.9999999705146,70,1
2,135.4,9.99999997104839,70,1
2,135.5,9.99999997157363,70,1
2,135.6,9.99999997209032,70,1
2,135.7,9.99999997259846,70,1
2,135.8,9.99999997309806,70,1
2,135.9,9.9999999735891,70,1
2,136,9.9999999740716,70,1
2,136.1,9.99999997454555,70,1
2,136.2,9.99999997501096,70,1
2,136.3,9.99999997546781,70,1
2,136.4,9.99999997591612,70,1
2,136.5,9.99999997635588,70,1
2,136.6,9.99999997678709,70,1
2,136.7,9.99999997720976,70,1
2,136.8,9.99999997762387,70,1
2,136.9,9.99999997802944,70,1
2,137,9.99999997842646,70,1
2,137.1,9.99999997881494,70,1
2,137.2,9.99999997919486,70,1
2,137.3,9.99999997956624,70,1
2,137.4,9.99999997992911,70,1
2,137.5,9.9999999802856,70,1
2,137.6,9.99999998063699,70,1
2,137.7,9.99999998098326,70,1
2,137.8,9.99999998132442,70,1
2,137.9,9.99999998166046,70,1
2,138,9.99999998199138,70,1
2,138.1,9.9999999823172,70,1
2,138.2,9.9999999826379,70,1
2,138.3,9.99999998295348,70,1
2,138.4,9.99999998326395,70,1
2,138.5,9.9999999835693,70,1
2,138.6,9.99999998386954,70,1
2,138.7,9.99999998416467,70,1
2,138.8,9.99999998445468,70,1
2,138.9,9.99999998473958,70,1
2,139,9.99999998501936,70,1
2,139.1,9.99999998529403,70,1
2,139.2,9.99999998556358,70,1
2,139.3,9.99999998582802,70,1
2,139.4,9.99999998608735,70,1
2,139.5,9.99999998634156,70,1
2,139.6,9.99999998659065,70,1
2,139.7,9.99999998683464,70,1
2,139.8,9.9999999870735,70,1
2,139.9,9.99999998730726,70,1
2,140,9.99999998753589,70,1
2,140.1,9.99999998775942,70,1
2,140.2,9.99999998797783,70,1
2,140.3,9.99999998819129,70,1
2,140.4,9.99999998840134,70,1
2,140.5,9.99999998860836,70,1
2,140.6,9.99999998881236,70,1
2,140.7,9.99999998901334,70,1
2,140.8,9.99999998921129,70,1
2,140.9,9.99999998940621,70,1
2,141,9.9999999895981,70,1
2,141.1,9.99999998978697,70,1
2,141.2,9.99999998997282,70,1
2,141.3,9.99999999015564,70,1
2,141.4,9.99999999033543,70,1
2,141.5,9.9999999905122,70,1
2,141.6,9.99999999068594,70,1
2,141.7,9.99999999085665,70,1
2,141.8,9.99999999102434,70,1
2,141.9,9.999999991189,70,1
2,142,9.99999999135064,70,1
2,142.1,9.99999999150925,70,1
2,142.2,9.99999999166484,70,1
2,142.3,9.9999999918174,70,1
2,142.4,9.99999999196693,70,1
2,142.5,9.99999999211344,70,1
2,142.6,9.99999999225692,70,1
2,142.7,9.99999999239738,70,1
2,142.8,9.99999999253481,70,1
2,142.9,9.99999999266921,70,1
2,143,9.99999999280059,70,1
2,143.1,9.99999999292894,70,1
2,143.2,9.99999999305452,70,1
2,143.3,9.99999999317824,70,1
2,143.4,9.99999999330018,70,1
2,143.5,9.99999999342032,70,1
2,143.6,9.99999999353868,70,1
2,143.7,9.99999999365526,70,1
2,143.8,9.99999999377004,70,1
2,143.9,9.99999999388304,70,1
2,144,9.99999999399425,70,1
